public_date,gicdesc,NFIRM,indret_ew,indret_vw,dpr_Median,bm_Median,divyield_Median,pe_exi_Median,ptb_Median,gpm_Median,roa_Median,roe_Median
20100131,Consumer Discretionary,589,-0.000499,-0.026356,0.000,0.632,2.17%,3.923,1.586,0.344,0.103,0.007
20100131,Consumer Staples,168,-0.019713,-0.010182,0.174,0.547,2.39%,12.645,1.877,0.351,0.146,0.118
20100131,Energy,214,-0.023383,-0.045636,0.000,0.728,1.21%,-1.321,1.395,0.270,0.085,-0.038
20100131,Financials,785,0.050954,0.003161,0.538,1.192,2.80%,5.505,0.820,0.411,0.013,0.016
20100131,Health Care,587,-0.003648,0.001858,0.000,0.396,1.86%,-1.798,2.522,0.394,0.047,-0.053
20100131,Industrials,557,-0.033103,-0.022761,0.017,0.662,1.80%,9.929,1.461,0.277,0.101,0.040
20100131,Information Technology,713,-0.029682,-0.080492,0.000,0.554,1.86%,-1.421,1.818,0.490,0.060,-0.027
20100131,Materials,182,-0.049616,-0.086997,0.182,0.624,1.87%,6.970,1.634,0.245,0.094,0.044
20100131,Telecommunication Services,51,-0.069634,-0.080381,0.189,0.567,6.89%,8.350,1.886,0.581,0.139,0.001
20100131,Utilities,103,-0.036757,-0.046480,0.608,0.945,4.30%,13.063,1.075,0.244,0.091,0.070
20100228,Consumer Discretionary,590,0.060442,0.057647,0.000,0.655,2.02%,11.669,1.659,0.350,0.108,0.050
20100228,Consumer Staples,169,0.040566,0.027154,0.152,0.531,2.35%,14.412,1.926,0.346,0.145,0.132
20100228,Energy,214,0.047199,0.029690,0.000,0.690,1.13%,-1.449,1.468,0.308,0.088,-0.018
20100228,Financials,782,0.021322,0.033626,0.371,1.201,2.60%,7.992,0.860,0.402,0.014,0.030
20100228,Health Care,586,0.024554,0.007233,0.000,0.399,1.90%,-0.933,2.496,0.429,0.066,0.007
20100228,Industrials,554,0.040731,0.049516,0.000,0.663,1.80%,11.981,1.531,0.282,0.102,0.047
20100228,Information Technology,710,0.055198,0.044031,0.000,0.540,1.82%,-0.485,1.901,0.495,0.065,0.001
20100228,Materials,185,0.054102,0.053556,0.170,0.577,1.93%,11.085,1.631,0.263,0.105,0.068
20100228,Telecommunication Services,51,0.012705,-0.005180,0.241,0.536,6.80%,3.883,1.849,0.584,0.136,0.026
20100228,Utilities,103,-0.001721,-0.009090,0.618,0.918,4.44%,13.744,1.069,0.247,0.086,0.073
20100331,Consumer Discretionary,584,0.111575,0.086488,0.000,0.647,1.81%,14.006,1.790,0.354,0.114,0.057
20100331,Consumer Staples,164,0.063163,0.040568,0.157,0.545,2.36%,14.965,1.921,0.335,0.147,0.131
20100331,Energy,214,0.025419,0.028584,0.000,0.678,1.14%,-1.281,1.539,0.297,0.088,-0.016
20100331,Financials,783,0.066828,0.086751,0.364,1.197,2.44%,8.722,0.925,0.405,0.014,0.030
20100331,Health Care,582,0.084000,0.038502,0.000,0.399,1.64%,-1.000,2.639,0.425,0.063,0.004
20100331,Industrials,554,0.083558,0.087170,0.000,0.660,1.66%,12.769,1.630,0.282,0.103,0.049
20100331,Information Technology,711,0.080421,0.068022,0.000,0.538,1.70%,4.562,2.078,0.495,0.066,0.007
20100331,Materials,185,0.101698,0.080757,0.170,0.577,1.72%,12.869,1.948,0.263,0.105,0.068
20100331,Telecommunication Services,51,0.117035,0.057655,0.241,0.536,6.50%,4.369,1.984,0.584,0.136,0.026
20100331,Utilities,103,0.043725,0.031083,0.616,0.918,4.29%,14.238,1.090,0.247,0.086,0.073
20100430,Consumer Discretionary,580,0.102574,0.064400,0.000,0.641,1.77%,15.129,1.980,0.356,0.115,0.061
20100430,Consumer Staples,165,0.039374,-0.013699,0.152,0.522,2.49%,15.148,2.017,0.340,0.150,0.133
20100430,Energy,214,0.081153,0.042414,0.000,0.671,1.05%,-1.484,1.681,0.308,0.089,-0.016
20100430,Financials,776,0.104911,0.018786,0.370,1.191,2.29%,9.363,0.986,0.408,0.014,0.030
20100430,Health Care,583,0.053330,-0.023762,0.000,0.398,1.57%,-1.025,2.860,0.423,0.062,0.004
20100430,Industrials,551,0.078052,0.045291,0.000,0.660,1.58%,13.884,1.720,0.282,0.103,0.049
20100430,Information Technology,707,0.051112,0.020857,0.000,0.532,1.70%,5.571,2.198,0.495,0.069,0.011
20100430,Materials,187,0.067616,0.010010,0.149,0.568,1.67%,12.532,2.062,0.263,0.106,0.068
20100430,Telecommunication Services,51,0.044639,0.001192,0.241,0.536,6.45%,4.570,1.989,0.584,0.136,0.026
20100430,Utilities,102,0.041975,0.030272,0.616,0.918,4.22%,14.914,1.121,0.249,0.086,0.073
20100531,Consumer Discretionary,578,-0.079679,-0.068838,0.000,0.567,1.89%,13.127,1.731,0.358,0.123,0.066
20100531,Consumer Staples,163,-0.067439,-0.047945,0.152,0.515,2.71%,12.454,1.758,0.346,0.154,0.129
20100531,Energy,214,-0.136330,-0.107484,0.000,0.687,1.17%,7.767,1.400,0.369,0.100,0.026
20100531,Financials,771,-0.081263,-0.093217,0.446,1.087,2.45%,7.965,0.915,0.424,0.015,0.036
20100531,Health Care,584,-0.082783,-0.068932,0.000,0.372,1.72%,-1.070,2.654,0.414,0.059,0.003
20100531,Industrials,551,-0.079411,-0.089175,0.026,0.627,1.72%,13.332,1.580,0.283,0.105,0.060
20100531,Information Technology,710,-0.070014,-0.079517,0.000,0.486,1.90%,10.427,1.968,0.500,0.083,0.031
20100531,Materials,189,-0.087494,-0.084410,0.148,0.548,1.92%,12.049,1.857,0.264,0.117,0.076
20100531,Telecommunication Services,51,-0.058091,-0.041976,0.284,0.510,7.01%,8.037,1.851,0.581,0.151,0.027
20100531,Utilities,102,-0.058822,-0.057236,0.617,0.909,4.44%,12.865,1.055,0.255,0.089,0.071
20100630,Consumer Discretionary,574,-0.116533,-0.102953,0.000,0.525,2.10%,11.229,1.529,0.361,0.125,0.069
20100630,Consumer Staples,165,-0.034349,-0.026432,0.156,0.510,2.68%,11.930,1.699,0.351,0.155,0.129
20100630,Energy,213,-0.068565,-0.058507,0.000,0.686,1.19%,6.945,1.326,0.371,0.101,0.027
20100630,Financials,769,-0.082568,-0.064198,0.450,1.085,2.62%,7.762,0.863,0.424,0.015,0.036
20100630,Health Care,586,-0.069327,-0.022082,0.000,0.372,1.79%,-1.101,2.488,0.419,0.058,0.004
20100630,Industrials,543,-0.073052,-0.069165,0.031,0.613,1.89%,12.477,1.466,0.283,0.108,0.062
20100630,Information Technology,720,-0.062709,-0.061183,0.000,0.486,2.06%,10.273,1.856,0.498,0.084,0.034
20100630,Materials,191,-0.097672,-0.076771,0.148,0.541,2.10%,11.748,1.685,0.264,0.111,0.065
20100630,Telecommunication Services,50,-0.019145,-0.007362,0.275,0.531,6.89%,8.213,1.803,0.579,0.151,0.028
20100630,Utilities,103,-0.012120,-0.008939,0.617,0.906,4.47%,12.819,1.042,0.255,0.088,0.070
20100731,Consumer Discretionary,574,0.071947,0.079800,0.000,0.514,1.95%,11.993,1.610,0.364,0.126,0.070
20100731,Consumer Staples,164,0.073748,0.062435,0.162,0.509,2.65%,12.578,1.769,0.344,0.154,0.128
20100731,Energy,213,0.081016,0.079570,0.000,0.690,1.12%,7.121,1.379,0.369,0.098,0.027
20100731,Financials,758,0.032416,0.062554,0.457,1.078,2.43%,8.039,0.899,0.429,0.015,0.038
20100731,Health Care,580,0.027755,0.011731,0.000,0.369,1.78%,-1.189,2.475,0.411,0.050,0.001
20100731,Industrials,541,0.073947,0.097971,0.043,0.605,1.75%,13.790,1.539,0.283,0.107,0.062
20100731,Information Technology,716,0.059729,0.074970,0.000,0.480,1.88%,11.940,1.951,0.498,0.085,0.036
20100731,Materials,192,0.099900,0.120974,0.149,0.544,1.96%,13.504,1.782,0.262,0.117,0.081
20100731,Telecommunication Services,50,0.085437,0.092621,0.275,0.531,6.64%,9.019,1.842,0.579,0.151,0.028
20100731,Utilities,103,0.054094,0.072777,0.617,0.905,4.28%,13.704,1.100,0.255,0.088,0.070
20100831,Consumer Discretionary,570,-0.089043,-0.045103,0.000,0.571,2.23%,10.703,1.524,0.364,0.130,0.085
20100831,Consumer Staples,165,-0.056528,-0.016041,0.148,0.588,2.73%,12.563,1.587,0.350,0.154,0.127
20100831,Energy,214,-0.069724,-0.039981,0.000,0.761,1.28%,7.010,1.270,0.374,0.108,0.037
20100831,Financials,759,-0.072853,-0.084926,0.430,1.172,2.60%,8.670,0.814,0.452,0.016,0.040
20100831,Health Care,580,-0.056708,-0.020563,0.000,0.413,1.90%,-1.346,2.268,0.415,0.057,-0.008
20100831,Industrials,541,-0.081680,-0.074317,0.047,0.658,1.88%,12.485,1.408,0.292,0.111,0.070
20100831,Information Technology,715,-0.058174,-0.066812,0.000,0.540,2.00%,12.169,1.772,0.501,0.096,0.049
20100831,Materials,191,-0.036883,-0.014109,0.127,0.594,2.07%,12.136,1.668,0.261,0.125,0.090
20100831,Telecommunication Services,49,-0.070637,0.013644,0.228,0.553,6.77%,8.901,1.850,0.582,0.146,0.033
20100831,Utilities,104,-0.004293,0.009848,0.616,0.965,4.29%,13.827,1.079,0.259,0.090,0.068
20100930,Consumer Discretionary,568,0.131479,0.125049,0.000,0.608,2.03%,11.962,1.663,0.366,0.131,0.087
20100930,Consumer Staples,165,0.062032,0.058299,0.150,0.591,2.64%,13.239,1.656,0.354,0.154,0.127
20100930,Energy,213,0.127966,0.092916,0.000,0.765,1.13%,8.208,1.404,0.399,0.109,0.041
20100930,Financials,758,0.055519,0.065805,0.429,1.172,2.49%,9.224,0.861,0.454,0.016,0.040
20100930,Health Care,573,0.113934,0.097157,0.000,0.417,1.81%,-1.395,2.510,0.414,0.058,-0.005
20100930,Industrials,544,0.111125,0.118729,0.045,0.671,1.69%,13.889,1.544,0.292,0.112,0.070
20100930,Information Technology,716,0.152288,0.125627,0.000,0.542,1.72%,13.596,1.994,0.498,0.097,0.053
20100930,Materials,192,0.105011,0.086661,0.117,0.592,1.97%,13.434,1.747,0.261,0.125,0.090
20100930,Telecommunication Services,49,0.123579,0.083973,0.228,0.533,6.17%,9.986,1.935,0.582,0.146,0.033
20100930,Utilities,102,0.036912,0.032378,0.615,0.969,4.31%,14.527,1.138,0.259,0.090,0.069
20101031,Consumer Discretionary,567,0.031893,0.050603,0.000,0.616,1.94%,12.411,1.686,0.366,0.131,0.087
20101031,Consumer Staples,165,0.026199,0.029380,0.150,0.591,2.49%,13.348,1.727,0.354,0.154,0.127
20101031,Energy,212,0.052080,0.050052,0.000,0.763,1.10%,9.045,1.486,0.405,0.110,0.043
20101031,Financials,755,0.020641,0.012987,0.429,1.172,2.43%,9.568,0.884,0.454,0.016,0.040
20101031,Health Care,571,0.030213,0.020282,0.000,0.425,1.87%,-1.446,2.550,0.414,0.059,0.001
20101031,Industrials,543,0.059129,0.034676,0.042,0.676,1.59%,15.125,1.645,0.294,0.112,0.072
20101031,Information Technology,712,0.066078,0.062967,0.000,0.547,1.71%,14.123,2.111,0.500,0.097,0.054
20101031,Materials,193,0.119301,0.080446,0.110,0.597,1.95%,13.761,1.855,0.261,0.123,0.090
20101031,Telecommunication Services,48,0.039487,0.009037,0.228,0.533,5.97%,10.332,1.963,0.581,0.148,0.034
20101031,Utilities,102,0.021554,0.014970,0.615,0.969,4.23%,14.661,1.171,0.263,0.090,0.069
20101130,Consumer Discretionary,565,0.043787,0.040676,0.000,0.592,1.88%,13.020,1.765,0.368,0.133,0.095
20101130,Consumer Staples,164,0.006390,-0.008939,0.143,0.591,2.39%,13.487,1.668,0.349,0.151,0.124
20101130,Energy,210,0.098072,0.058179,0.000,0.710,.972%,10.552,1.635,0.414,0.113,0.045
20101130,Financials,752,-0.004278,-0.004780,0.434,1.182,2.48%,10.465,0.864,0.492,0.016,0.043
20101130,Health Care,566,0.006583,-0.021863,0.000,0.410,1.80%,-1.551,2.430,0.417,0.063,-0.002
20101130,Industrials,539,0.030026,0.018632,0.039,0.666,1.62%,16.000,1.608,0.289,0.117,0.075
20101130,Information Technology,706,0.023476,-0.007217,0.000,0.515,1.66%,13.607,2.114,0.500,0.101,0.066
20101130,Materials,194,0.039064,0.012599,0.105,0.597,1.88%,14.000,1.882,0.264,0.129,0.091
20101130,Telecommunication Services,49,0.034727,-0.016242,0.000,0.514,6.09%,13.064,1.908,0.580,0.147,0.033
20101130,Utilities,102,-0.006242,-0.023403,0.594,0.905,4.33%,13.746,1.112,0.269,0.093,0.072
20101231,Consumer Discretionary,566,0.065258,0.038833,0.000,0.581,1.73%,14.063,1.869,0.369,0.133,0.097
20101231,Consumer Staples,164,0.050416,0.039543,0.164,0.585,2.41%,14.070,1.826,0.354,0.147,0.125
20101231,Energy,208,0.101108,0.091147,0.000,0.712,.889%,10.911,1.752,0.412,0.115,0.044
20101231,Financials,749,0.085198,0.116113,0.427,1.179,2.25%,11.157,0.964,0.489,0.016,0.044
20101231,Health Care,561,0.109570,0.054959,0.000,0.408,1.65%,-2.007,2.602,0.417,0.064,0.002
20101231,Industrials,537,0.090933,0.077150,0.058,0.655,1.52%,17.604,1.744,0.289,0.117,0.078
20101231,Information Technology,693,0.073553,0.056356,0.000,0.509,1.64%,14.744,2.299,0.498,0.103,0.069
20101231,Materials,194,0.124724,0.100244,0.106,0.599,1.73%,14.947,2.079,0.264,0.128,0.091
20101231,Telecommunication Services,49,0.055153,0.074122,0.000,0.521,5.72%,13.127,1.981,0.580,0.147,0.033
20101231,Utilities,101,0.039028,0.032043,0.592,0.905,4.28%,14.189,1.116,0.269,0.093,0.072
20110131,Consumer Discretionary,565,-0.002814,-0.010108,0.000,0.583,1.78%,14.018,1.815,0.368,0.134,0.097
20110131,Consumer Staples,166,-0.020538,-0.012021,0.164,0.575,2.49%,13.543,1.788,0.354,0.147,0.126
20110131,Energy,209,0.075599,0.071417,0.000,0.710,.802%,11.592,1.892,0.414,0.114,0.041
20110131,Financials,745,0.030561,0.019538,0.426,1.172,2.29%,11.011,0.946,0.491,0.016,0.046
20110131,Health Care,562,0.019620,0.006538,0.000,0.408,1.57%,-2.141,2.679,0.414,0.065,0.009
20110131,Industrials,535,0.012828,0.034914,0.066,0.650,1.53%,17.857,1.755,0.288,0.117,0.077
20110131,Information Technology,691,0.038358,0.041170,0.000,0.506,1.59%,15.244,2.362,0.498,0.103,0.070
20110131,Materials,192,-0.001860,-0.003277,0.108,0.591,1.70%,14.711,2.109,0.264,0.129,0.092
20110131,Telecommunication Services,48,0.015836,-0.023334,0.000,0.529,5.85%,13.727,1.909,0.577,0.146,0.031
20110131,Utilities,99,0.012203,0.015104,0.592,0.905,4.20%,14.636,1.135,0.269,0.094,0.073
20110228,Consumer Discretionary,564,0.048931,0.049910,0.000,0.551,1.72%,14.830,1.874,0.368,0.136,0.102
20110228,Consumer Staples,165,0.030974,0.020407,0.175,0.549,2.39%,15.157,1.836,0.353,0.141,0.126
20110228,Energy,207,0.102495,0.075050,0.000,0.587,.782%,13.745,2.028,0.445,0.117,0.049
20110228,Financials,750,0.023732,0.024750,0.269,1.027,2.23%,12.691,0.979,0.541,0.017,0.055
20110228,Health Care,557,0.042053,0.034617,0.000,0.377,1.51%,-1.273,2.838,0.411,0.061,0.026
20110228,Industrials,535,0.032664,0.027775,0.000,0.590,1.49%,17.863,1.799,0.285,0.117,0.081
20110228,Information Technology,693,0.054652,0.025800,0.000,0.442,1.46%,14.866,2.418,0.501,0.109,0.079
20110228,Materials,194,0.047140,0.026097,0.073,0.523,1.67%,16.245,1.965,0.270,0.130,0.101
20110228,Telecommunication Services,48,0.044034,0.026549,0.000,0.508,6.06%,13.157,1.839,0.582,0.146,0.037
20110228,Utilities,98,0.015102,0.017284,0.613,0.919,4.18%,14.995,1.118,0.267,0.092,0.070
20110331,Consumer Discretionary,558,0.009389,0.000315,0.000,0.541,1.90%,15.048,1.881,0.369,0.135,0.099
20110331,Consumer Staples,164,0.008667,0.018132,0.175,0.536,2.47%,15.103,1.793,0.355,0.140,0.126
20110331,Energy,207,0.019394,0.019061,0.000,0.582,.760%,14.303,2.089,0.432,0.117,0.047
20110331,Financials,749,-0.008841,-0.023127,0.266,1.027,2.26%,12.548,0.980,0.542,0.017,0.053
20110331,Health Care,554,0.033231,0.023967,0.000,0.375,1.51%,-1.216,2.886,0.404,0.060,0.024
20110331,Industrials,533,0.026291,0.023040,0.000,0.585,1.48%,18.608,1.847,0.285,0.117,0.082
20110331,Information Technology,692,0.006449,-0.018569,0.000,0.442,1.52%,14.786,2.412,0.500,0.108,0.080
20110331,Materials,191,0.029025,0.019276,0.075,0.507,1.69%,17.273,2.086,0.270,0.130,0.101
20110331,Telecommunication Services,48,0.003009,0.048399,0.000,0.504,6.50%,13.275,1.803,0.582,0.146,0.042
20110331,Utilities,99,0.036153,0.008317,0.615,0.920,4.13%,15.476,1.154,0.268,0.092,0.070
20110430,Consumer Discretionary,553,0.022225,0.042182,0.000,0.535,1.79%,15.283,1.833,0.369,0.134,0.099
20110430,Consumer Staples,162,0.029572,0.051314,0.175,0.531,2.34%,15.209,1.875,0.341,0.141,0.126
20110430,Energy,208,-0.008964,0.016903,0.000,0.579,.764%,14.353,2.091,0.430,0.114,0.044
20110430,Financials,745,0.001564,-0.005927,0.249,1.030,2.24%,12.785,0.988,0.542,0.017,0.055
20110430,Health Care,558,0.051341,0.064627,0.000,0.373,1.44%,-1.238,3.040,0.402,0.056,0.024
20110430,Industrials,528,0.003245,0.023946,0.000,0.581,1.46%,18.843,1.835,0.286,0.117,0.082
20110430,Information Technology,688,0.011199,0.029782,0.000,0.442,1.47%,14.854,2.443,0.493,0.108,0.080
20110430,Materials,190,0.008593,0.021131,0.073,0.508,1.67%,17.256,2.109,0.270,0.130,0.103
20110430,Telecommunication Services,47,0.013175,0.017925,0.000,0.504,6.08%,13.029,2.008,0.581,0.145,0.042
20110430,Utilities,99,0.032203,0.038073,0.615,0.920,4.00%,15.674,1.186,0.268,0.092,0.070
20110531,Consumer Discretionary,549,-0.014442,-0.002938,0.000,0.537,1.84%,14.248,1.818,0.369,0.131,0.096
20110531,Consumer Staples,160,0.015211,0.026291,0.172,0.544,2.38%,15.570,1.762,0.347,0.154,0.128
20110531,Energy,210,-0.066215,-0.042899,0.000,0.474,.804%,11.316,1.921,0.447,0.115,0.039
20110531,Financials,743,-0.023812,-0.034907,0.392,1.021,2.31%,12.003,0.959,0.562,0.018,0.053
20110531,Health Care,555,0.006999,0.019702,0.000,0.346,1.43%,-0.942,3.041,0.394,0.067,0.017
20110531,Industrials,526,-0.036083,-0.029727,0.024,0.541,1.57%,16.262,1.733,0.287,0.122,0.087
20110531,Information Technology,688,-0.026929,-0.017500,0.000,0.417,1.51%,13.046,2.306,0.493,0.109,0.079
20110531,Materials,190,-0.019941,-0.022746,0.092,0.499,1.68%,14.489,1.965,0.274,0.141,0.119
20110531,Telecommunication Services,47,0.052004,0.018355,0.331,0.551,5.41%,14.493,2.047,0.580,0.152,0.038
20110531,Utilities,99,-0.005045,0.015107,0.620,0.892,4.04%,15.121,1.159,0.260,0.092,0.075
20110630,Consumer Discretionary,545,-0.016451,-0.004420,0.000,0.531,1.86%,13.808,1.753,0.368,0.131,0.099
20110630,Consumer Staples,159,-0.003836,-0.023310,0.182,0.544,2.61%,15.787,1.763,0.343,0.154,0.128
20110630,Energy,207,-0.048387,-0.019336,0.000,0.483,.907%,11.482,1.795,0.453,0.116,0.039
20110630,Financials,738,-0.020698,-0.026760,0.392,1.022,2.39%,11.935,0.940,0.565,0.018,0.054
20110630,Health Care,546,-0.039402,-0.016028,0.000,0.343,1.55%,-1.620,2.960,0.392,0.064,0.015
20110630,Industrials,529,-0.024860,-0.008617,0.024,0.547,1.62%,16.495,1.676,0.289,0.121,0.087
20110630,Information Technology,684,-0.028547,-0.025921,0.000,0.416,1.66%,13.225,2.205,0.496,0.110,0.081
20110630,Materials,189,-0.028527,-0.012157,0.097,0.499,1.74%,13.684,1.909,0.277,0.141,0.119
20110630,Telecommunication Services,46,-0.009387,-0.012586,0.339,0.570,5.48%,13.432,2.013,0.582,0.148,0.032
20110630,Utilities,98,-0.011444,-0.002538,0.628,0.894,4.09%,14.821,1.119,0.260,0.092,0.074
20110731,Consumer Discretionary,543,-0.016964,-0.012047,0.000,0.530,1.94%,13.867,1.741,0.368,0.131,0.100
20110731,Consumer Staples,159,-0.014066,-0.012786,0.182,0.544,2.66%,14.776,1.726,0.343,0.154,0.127
20110731,Energy,208,0.032997,0.008538,0.000,0.483,.864%,11.350,1.954,0.457,0.116,0.039
20110731,Financials,733,-0.021101,-0.041330,0.391,1.021,2.43%,11.519,0.915,0.566,0.018,0.056
20110731,Health Care,545,-0.032600,-0.039003,0.000,0.340,1.55%,-1.516,2.888,0.394,0.062,0.019
20110731,Industrials,531,-0.023877,-0.064741,0.023,0.544,1.64%,15.576,1.639,0.288,0.121,0.087
20110731,Information Technology,680,-0.049232,0.000081,0.000,0.415,1.75%,12.182,2.041,0.498,0.110,0.081
20110731,Materials,188,-0.020108,-0.020592,0.119,0.499,1.72%,14.220,1.878,0.278,0.141,0.119
20110731,Telecommunication Services,47,-0.084176,-0.053540,0.338,0.570,5.77%,12.453,1.892,0.580,0.144,0.032
20110731,Utilities,98,-0.009405,-0.011133,0.628,0.894,4.15%,14.444,1.112,0.260,0.092,0.074
20110831,Consumer Discretionary,544,-0.096778,-0.060951,0.000,0.554,2.16%,12.520,1.508,0.372,0.131,0.102
20110831,Consumer Staples,156,-0.062911,0.004934,0.208,0.539,2.63%,13.754,1.574,0.345,0.148,0.128
20110831,Energy,207,-0.149422,-0.099681,0.000,0.589,1.00%,10.404,1.618,0.463,0.128,0.050
20110831,Financials,732,-0.077575,-0.099567,0.382,1.092,2.67%,11.111,0.828,0.595,0.019,0.056
20110831,Health Care,545,-0.110231,-0.037988,0.000,0.343,1.67%,-1.448,2.533,0.397,0.061,-0.001
20110831,Industrials,531,-0.089806,-0.070892,0.007,0.587,1.83%,14.152,1.469,0.286,0.121,0.087
20110831,Information Technology,675,-0.101240,-0.064752,0.000,0.449,1.91%,10.938,1.828,0.501,0.110,0.079
20110831,Materials,189,-0.099574,-0.062745,0.129,0.547,1.93%,11.524,1.557,0.277,0.141,0.121
20110831,Telecommunication Services,47,-0.060672,-0.019302,0.295,0.517,5.70%,13.066,1.627,0.577,0.144,0.043
20110831,Utilities,98,0.009293,0.017243,0.628,0.907,4.03%,15.174,1.140,0.257,0.091,0.072
20110930,Consumer Discretionary,547,-0.100212,-0.075413,0.000,0.558,2.35%,11.576,1.386,0.372,0.130,0.104
20110930,Consumer Staples,157,-0.066020,-0.033509,0.194,0.529,2.71%,12.979,1.555,0.343,0.146,0.127
20110930,Energy,210,-0.194632,-0.124055,0.000,0.585,1.33%,8.536,1.259,0.463,0.129,0.053
20110930,Financials,732,-0.083736,-0.116150,0.380,1.088,2.89%,10.204,0.763,0.596,0.019,0.056
20110930,Health Care,545,-0.091412,-0.046367,0.000,0.341,1.78%,-1.225,2.341,0.396,0.057,-0.001
20110930,Industrials,530,-0.133415,-0.102433,0.011,0.589,2.04%,12.149,1.284,0.286,0.121,0.088
20110930,Information Technology,674,-0.105109,-0.043452,0.000,0.453,2.09%,9.639,1.597,0.501,0.108,0.079
20110930,Materials,188,-0.165993,-0.162630,0.129,0.555,2.14%,9.120,1.326,0.276,0.140,0.118
20110930,Telecommunication Services,48,-0.141251,-0.024588,0.252,0.519,6.03%,10.637,1.249,0.580,0.148,0.043
20110930,Utilities,98,-0.038960,-0.007437,0.628,0.907,4.14%,14.555,1.066,0.257,0.091,0.072
20111031,Consumer Discretionary,547,0.126893,0.127005,0.000,0.564,2.15%,12.998,1.556,0.372,0.130,0.104
20111031,Consumer Staples,156,0.081523,0.046440,0.212,0.542,2.57%,14.053,1.673,0.353,0.145,0.128
20111031,Energy,211,0.242870,0.171776,0.000,0.589,1.14%,10.356,1.572,0.463,0.129,0.052
20111031,Financials,729,0.088219,0.139003,0.380,1.086,2.61%,11.173,0.820,0.596,0.019,0.056
20111031,Health Care,543,0.093426,0.061301,0.000,0.341,1.81%,-1.425,2.477,0.398,0.053,-0.002
20111031,Industrials,526,0.152726,0.149704,0.014,0.595,1.75%,14.297,1.482,0.287,0.121,0.089
20111031,Information Technology,668,0.128233,0.120618,0.000,0.455,1.81%,10.896,1.880,0.501,0.110,0.085
20111031,Materials,186,0.166324,0.173271,0.118,0.559,1.94%,11.174,1.588,0.274,0.140,0.118
20111031,Telecommunication Services,48,0.093092,0.031698,0.252,0.519,5.89%,11.357,1.381,0.580,0.148,0.043
20111031,Utilities,97,0.052928,0.042197,0.629,0.902,3.96%,15.518,1.132,0.258,0.090,0.072
20111130,Consumer Discretionary,547,-0.023326,-0.016697,0.000,0.646,2.09%,12.734,1.557,0.371,0.127,0.100
20111130,Consumer Staples,157,-0.022772,0.024450,0.192,0.573,2.50%,14.197,1.729,0.344,0.144,0.111
20111130,Energy,211,0.005289,0.020844,0.000,0.846,1.30%,11.428,1.503,0.457,0.136,0.065
20111130,Financials,728,-0.013464,-0.040628,0.347,1.292,2.73%,11.559,0.822,0.621,0.019,0.058
20111130,Health Care,536,-0.026033,0.009921,0.000,0.410,1.90%,-1.132,2.391,0.387,0.057,-0.014
20111130,Industrials,520,-0.005415,0.010741,0.022,0.758,1.77%,14.624,1.431,0.281,0.120,0.094
20111130,Information Technology,669,-0.035422,-0.018070,0.000,0.599,1.91%,11.351,1.841,0.502,0.105,0.073
20111130,Materials,184,0.004203,0.007616,0.110,0.733,1.74%,11.720,1.589,0.269,0.138,0.122
20111130,Telecommunication Services,48,-0.018354,0.006857,0.127,0.760,7.08%,12.500,1.357,0.583,0.144,0.049
20111130,Utilities,97,0.008293,0.010686,0.638,0.933,3.97%,15.641,1.151,0.266,0.090,0.072
20111231,Consumer Discretionary,546,0.008147,0.003708,0.000,0.669,2.14%,12.122,1.568,0.368,0.126,0.100
20111231,Consumer Staples,156,0.003689,0.025183,0.191,0.573,2.46%,14.312,1.722,0.343,0.139,0.111
20111231,Energy,207,-0.010117,-0.005432,0.000,0.857,1.42%,11.315,1.481,0.457,0.136,0.067
20111231,Financials,726,0.013450,0.015376,0.347,1.292,2.73%,11.770,0.852,0.622,0.019,0.058
20111231,Health Care,533,-0.001685,0.025183,0.000,0.409,1.89%,-1.015,2.397,0.386,0.056,-0.013
20111231,Industrials,517,0.000418,0.010018,0.023,0.769,1.82%,14.341,1.465,0.281,0.120,0.094
20111231,Information Technology,669,-0.004461,-0.011988,0.000,0.602,2.01%,11.586,1.875,0.502,0.106,0.072
20111231,Materials,184,-0.029188,-0.025685,0.111,0.742,1.81%,11.584,1.506,0.264,0.139,0.122
20111231,Telecommunication Services,47,-0.019273,0.036690,0.127,0.773,5.69%,13.245,1.383,0.584,0.142,0.048
20111231,Utilities,96,0.027884,0.032189,0.637,0.934,3.84%,16.099,1.152,0.266,0.090,0.072
20120131,Consumer Discretionary,547,0.090566,0.069620,0.000,0.664,2.10%,12.823,1.713,0.369,0.126,0.100
20120131,Consumer Staples,155,0.048690,-0.009353,0.191,0.573,2.51%,14.968,1.738,0.340,0.142,0.112
20120131,Energy,208,0.055829,0.012005,0.000,0.848,1.37%,11.514,1.513,0.457,0.136,0.067
20120131,Financials,718,0.077135,0.079924,0.349,1.292,2.56%,12.487,0.877,0.624,0.019,0.058
20120131,Health Care,533,0.114380,0.042727,0.000,0.407,1.75%,-1.374,2.615,0.386,0.056,-0.013
20120131,Industrials,521,0.096985,0.075109,0.023,0.759,1.67%,15.273,1.564,0.282,0.121,0.096
20120131,Information Technology,668,0.115554,0.080027,0.000,0.597,1.88%,12.638,2.103,0.506,0.107,0.073
20120131,Materials,184,0.139335,0.109754,0.120,0.742,1.76%,13.064,1.723,0.264,0.141,0.120
20120131,Telecommunication Services,46,0.037191,-0.016893,0.219,0.786,5.95%,13.658,1.456,0.583,0.146,0.049
20120131,Utilities,95,-0.014343,-0.034873,0.634,0.936,3.94%,15.720,1.154,0.264,0.090,0.072
20120229,Consumer Discretionary,544,0.059155,0.052835,0.000,0.623,2.02%,14.906,1.757,0.365,0.127,0.105
20120229,Consumer Staples,153,0.020243,0.032022,0.239,0.522,2.55%,15.767,1.925,0.344,0.137,0.107
20120229,Energy,209,0.079828,0.061992,0.000,0.683,1.27%,11.348,1.620,0.452,0.138,0.072
20120229,Financials,714,0.043430,0.057824,0.228,1.186,2.45%,12.918,0.899,0.641,0.020,0.061
20120229,Health Care,532,0.044345,0.019472,0.000,0.384,1.99%,-1.118,2.756,0.414,0.056,0.002
20120229,Industrials,519,0.033487,0.027641,0.032,0.665,1.63%,15.211,1.592,0.281,0.123,0.100
20120229,Information Technology,661,0.038501,0.070016,0.000,0.542,1.98%,14.156,2.042,0.504,0.102,0.075
20120229,Materials,182,0.006958,-0.000841,0.109,0.637,1.67%,13.738,1.792,0.255,0.141,0.116
20120229,Telecommunication Services,48,0.062406,0.039532,0.000,0.663,5.75%,13.643,1.538,0.567,0.145,0.043
20120229,Utilities,95,0.005623,0.007128,0.641,0.892,4.04%,15.710,1.103,0.263,0.088,0.069
20120331,Consumer Discretionary,543,0.045185,0.040572,0.000,0.613,2.07%,15.471,1.789,0.363,0.128,0.103
20120331,Consumer Staples,152,0.026819,0.032903,0.241,0.518,2.48%,16.525,1.940,0.344,0.138,0.107
20120331,Energy,209,-0.028428,-0.028789,0.000,0.676,1.27%,10.496,1.614,0.448,0.138,0.073
20120331,Financials,713,0.064804,0.072632,0.228,1.186,2.38%,13.498,0.949,0.641,0.020,0.062
20120331,Health Care,530,0.041184,0.040674,0.000,0.384,1.70%,-1.026,2.823,0.410,0.053,0.002
20120331,Industrials,518,0.013637,0.011873,0.032,0.660,1.68%,15.674,1.658,0.282,0.123,0.100
20120331,Information Technology,656,0.029789,0.046782,0.000,0.532,2.02%,14.749,2.119,0.504,0.102,0.075
20120331,Materials,182,0.016390,0.001904,0.111,0.635,1.66%,14.107,1.779,0.255,0.141,0.113
20120331,Telecommunication Services,48,0.028640,0.014883,0.000,0.663,6.03%,14.085,1.639,0.567,0.145,0.043
20120331,Utilities,94,0.003818,0.013135,0.641,0.879,4.11%,16.020,1.129,0.264,0.088,0.069
20120430,Consumer Discretionary,542,-0.003005,0.003780,0.000,0.602,2.05%,15.051,1.811,0.362,0.129,0.101
20120430,Consumer Staples,152,0.000398,-0.000083,0.244,0.518,2.54%,16.620,1.927,0.342,0.138,0.107
20120430,Energy,210,-0.028857,-0.013489,0.000,0.676,1.33%,10.270,1.579,0.446,0.137,0.072
20120430,Financials,712,0.002050,-0.025757,0.226,1.182,2.44%,13.318,0.956,0.642,0.020,0.062
20120430,Health Care,528,-0.014925,-0.003400,0.000,0.384,1.86%,-1.019,2.773,0.411,0.051,0.001
20120430,Industrials,519,-0.009554,-0.009573,0.032,0.657,1.71%,15.034,1.636,0.281,0.124,0.101
20120430,Information Technology,659,-0.029495,-0.019899,0.000,0.530,2.12%,13.947,2.079,0.505,0.100,0.074
20120430,Materials,183,-0.018054,-0.002016,0.106,0.635,1.67%,14.191,1.805,0.257,0.139,0.113
20120430,Telecommunication Services,48,-0.061743,0.043420,0.000,0.663,6.66%,13.268,1.542,0.567,0.145,0.043
20120430,Utilities,93,0.006900,0.018520,0.646,0.891,3.99%,16.336,1.130,0.263,0.088,0.069
20120531,Consumer Discretionary,540,-0.060286,-0.060405,0.001,0.558,2.15%,12.974,1.678,0.362,0.131,0.103
20120531,Consumer Staples,153,-0.035559,-0.004183,0.241,0.512,2.51%,14.508,1.757,0.336,0.141,0.108
20120531,Energy,210,-0.163249,-0.105788,0.000,0.638,1.60%,8.925,1.310,0.437,0.135,0.072
20120531,Financials,712,-0.039085,-0.093904,0.330,1.056,2.65%,12.034,0.915,0.664,0.020,0.063
20120531,Health Care,530,-0.060474,-0.034682,0.000,0.353,1.93%,-1.835,2.648,0.386,0.042,-0.026
20120531,Industrials,518,-0.080517,-0.063877,0.053,0.594,1.93%,13.280,1.482,0.283,0.122,0.101
20120531,Information Technology,659,-0.086989,-0.080880,0.000,0.459,2.23%,11.733,1.828,0.497,0.097,0.062
20120531,Materials,181,-0.116947,-0.087215,0.115,0.556,2.00%,12.461,1.541,0.256,0.138,0.115
20120531,Telecommunication Services,48,-0.049242,0.018997,0.169,0.616,6.55%,8.460,1.540,0.570,0.140,0.036
20120531,Utilities,93,-0.012019,0.000163,0.658,0.930,4.04%,16.146,1.075,0.272,0.087,0.065
20120630,Consumer Discretionary,539,0.021145,0.011841,0.013,0.549,2.18%,13.115,1.721,0.362,0.131,0.106
20120630,Consumer Staples,152,0.057891,0.038080,0.217,0.511,2.54%,15.149,1.880,0.342,0.142,0.109
20120630,Energy,210,0.028133,0.051829,0.000,0.631,1.50%,8.771,1.368,0.439,0.135,0.073
20120630,Financials,710,0.033864,0.047722,0.332,1.057,2.58%,12.533,0.946,0.664,0.020,0.063
20120630,Health Care,526,0.075647,0.061507,0.000,0.351,1.81%,-2.182,2.828,0.382,0.039,-0.026
20120630,Industrials,520,0.022576,0.032104,0.052,0.585,1.95%,13.462,1.498,0.282,0.122,0.101
20120630,Information Technology,662,0.041124,0.030770,0.000,0.456,2.16%,11.749,1.902,0.499,0.095,0.061
20120630,Materials,181,0.044119,0.047078,0.114,0.556,1.92%,12.738,1.644,0.256,0.139,0.115
20120630,Telecommunication Services,48,0.058424,0.055206,0.169,0.616,6.12%,9.520,1.551,0.570,0.140,0.036
20120630,Utilities,92,0.042509,0.038950,0.652,0.932,3.89%,16.662,1.097,0.273,0.087,0.065
20120731,Consumer Discretionary,537,-0.015059,-0.004745,0.023,0.552,2.17%,12.864,1.718,0.361,0.130,0.106
20120731,Consumer Staples,152,-0.010455,0.027488,0.217,0.511,2.60%,15.599,1.743,0.342,0.141,0.108
20120731,Energy,210,-0.013113,0.035127,0.000,0.631,1.58%,9.164,1.388,0.437,0.135,0.074
20120731,Financials,707,0.001591,-0.005447,0.333,1.057,2.57%,12.469,0.952,0.664,0.020,0.063
20120731,Health Care,526,0.006329,0.004846,0.000,0.344,1.93%,-2.356,2.898,0.382,0.035,-0.027
20120731,Industrials,519,-0.014388,-0.001943,0.040,0.587,1.93%,13.365,1.477,0.282,0.122,0.101
20120731,Information Technology,660,-0.028067,0.001611,0.000,0.456,2.27%,11.518,1.891,0.502,0.096,0.062
20120731,Materials,180,-0.020275,-0.002124,0.117,0.564,1.99%,13.081,1.628,0.254,0.139,0.116
20120731,Telecommunication Services,46,0.015684,0.059412,0.169,0.616,6.25%,8.600,1.621,0.570,0.140,0.036
20120731,Utilities,91,0.019400,0.027898,0.647,0.934,3.83%,16.917,1.138,0.273,0.088,0.066
20120831,Consumer Discretionary,533,0.032816,0.048207,0.033,0.553,2.04%,13.471,1.787,0.361,0.130,0.103
20120831,Consumer Staples,152,0.027316,-0.004958,0.202,0.522,2.45%,15.163,1.828,0.347,0.141,0.098
20120831,Energy,208,0.006816,0.022189,0.000,0.744,1.60%,8.461,1.299,0.409,0.130,0.073
20120831,Financials,700,0.034939,0.039431,0.318,1.063,2.58%,12.449,0.962,0.686,0.021,0.066
20120831,Health Care,519,0.031292,0.015573,0.000,0.340,1.80%,-2.253,3.022,0.386,0.034,-0.034
20120831,Industrials,519,0.017917,0.017221,0.056,0.637,1.86%,13.446,1.508,0.286,0.124,0.103
20120831,Information Technology,656,0.032970,0.050219,0.000,0.519,2.18%,11.720,1.937,0.507,0.093,0.052
20120831,Materials,180,0.045122,0.033005,0.141,0.628,1.94%,12.707,1.676,0.255,0.135,0.102
20120831,Telecommunication Services,46,0.013041,-0.023192,0.005,0.682,5.66%,10.407,1.508,0.570,0.135,0.033
20120831,Utilities,91,-0.012479,-0.035481,0.650,0.908,3.94%,16.105,1.109,0.278,0.089,0.065
20120930,Consumer Discretionary,534,0.039978,0.031988,0.038,0.558,2.06%,13.931,1.852,0.360,0.132,0.105
20120930,Consumer Staples,153,0.013857,0.014815,0.218,0.528,2.56%,15.572,1.909,0.339,0.141,0.099
20120930,Energy,209,0.059589,0.038326,0.000,0.761,1.58%,9.539,1.366,0.410,0.130,0.072
20120930,Financials,699,0.038980,0.039127,0.316,1.056,2.55%,12.873,0.996,0.688,0.021,0.066
20120930,Health Care,517,0.059743,0.042013,0.000,0.339,1.71%,-2.381,3.262,0.389,0.033,-0.034
20120930,Industrials,517,0.042164,0.020650,0.056,0.645,1.82%,13.602,1.567,0.285,0.124,0.102
20120930,Information Technology,656,0.018403,0.010785,0.000,0.525,2.23%,11.385,1.936,0.509,0.092,0.052
20120930,Materials,182,0.045796,0.040804,0.141,0.630,1.91%,13.034,1.731,0.255,0.134,0.101
20120930,Telecommunication Services,46,0.085227,0.041879,0.005,0.682,5.57%,10.255,1.662,0.570,0.135,0.034
20120930,Utilities,91,0.027322,0.013986,0.650,0.908,3.86%,16.281,1.124,0.278,0.089,0.065
20121031,Consumer Discretionary,533,-0.008272,-0.008212,0.038,0.546,2.07%,13.753,1.864,0.363,0.132,0.107
20121031,Consumer Staples,153,-0.007715,-0.010527,0.228,0.528,2.43%,15.607,1.866,0.339,0.141,0.100
20121031,Energy,205,-0.051806,-0.020958,0.000,0.779,1.46%,8.934,1.285,0.410,0.130,0.072
20121031,Financials,695,0.012334,0.018671,0.316,1.056,2.55%,12.893,0.998,0.690,0.021,0.067
20121031,Health Care,519,-0.051977,-0.014886,0.000,0.339,1.71%,-2.247,3.115,0.391,0.034,-0.034
20121031,Industrials,515,0.003530,0.001628,0.053,0.646,1.82%,13.746,1.573,0.286,0.124,0.103
20121031,Information Technology,653,-0.045811,-0.063633,0.000,0.522,2.43%,11.116,1.836,0.508,0.092,0.050
20121031,Materials,183,-0.006432,-0.010847,0.155,0.622,1.85%,12.844,1.701,0.255,0.134,0.097
20121031,Telecommunication Services,46,-0.040731,-0.041122,0.005,0.682,5.26%,9.997,1.613,0.570,0.135,0.034
20121031,Utilities,91,0.006016,0.013188,0.650,0.908,3.82%,16.458,1.123,0.278,0.089,0.065
20121130,Consumer Discretionary,532,0.013222,0.024769,0.021,0.528,2.03%,13.993,1.854,0.363,0.135,0.110
20121130,Consumer Staples,153,0.030377,0.015067,0.227,0.512,2.29%,17.434,1.971,0.347,0.148,0.106
20121130,Energy,204,-0.018196,-0.015911,0.000,0.778,1.54%,8.642,1.212,0.411,0.119,0.050
20121130,Financials,695,-0.003616,-0.008064,0.288,1.020,2.60%,12.055,0.955,0.707,0.022,0.071
20121130,Health Care,517,0.007867,0.009948,0.000,0.318,1.74%,-2.779,2.997,0.392,0.029,-0.049
20121130,Industrials,513,0.008151,0.017070,0.065,0.639,1.78%,14.230,1.528,0.282,0.124,0.098
20121130,Information Technology,653,-0.000299,0.013721,0.000,0.515,2.37%,10.632,1.821,0.511,0.089,0.047
20121130,Materials,182,0.002479,0.019971,0.165,0.599,1.83%,13.332,1.630,0.251,0.130,0.098
20121130,Telecommunication Services,46,-0.040009,-0.010306,0.060,0.613,5.72%,7.298,1.440,0.562,0.133,0.034
20121130,Utilities,90,-0.026999,-0.037638,0.636,0.903,4.00%,16.005,1.077,0.282,0.088,0.064
20121231,Consumer Discretionary,532,0.023552,0.008827,0.020,0.523,2.09%,13.980,1.828,0.364,0.135,0.114
20121231,Consumer Staples,153,-0.001345,-0.022628,0.220,0.506,2.39%,16.776,2.066,0.347,0.150,0.107
20121231,Energy,206,0.013377,0.012956,0.000,0.769,1.56%,8.826,1.205,0.412,0.119,0.051
20121231,Financials,695,0.027023,0.045805,0.286,1.016,2.58%,12.277,0.985,0.706,0.022,0.071
20121231,Health Care,517,0.001610,-0.000542,0.000,0.310,1.82%,-2.888,3.028,0.392,0.017,-0.058
20121231,Industrials,511,0.050881,0.031562,0.067,0.636,1.75%,14.706,1.581,0.282,0.125,0.099
20121231,Information Technology,646,0.034117,0.003037,0.000,0.515,2.32%,11.148,1.920,0.505,0.088,0.049
20121231,Materials,181,0.040420,0.027305,0.165,0.603,1.76%,14.313,1.703,0.251,0.131,0.100
20121231,Telecommunication Services,46,0.045554,-0.001987,0.060,0.613,5.59%,7.522,1.573,0.562,0.133,0.034
20121231,Utilities,89,0.008755,0.001640,0.636,0.903,3.99%,15.866,1.092,0.283,0.088,0.064
20130131,Consumer Discretionary,531,0.070317,0.061352,0.013,0.522,1.99%,14.839,1.915,0.364,0.134,0.114
20130131,Consumer Staples,151,0.052321,0.056509,0.227,0.496,2.32%,17.632,2.180,0.347,0.150,0.107
20130131,Energy,204,0.073905,0.074503,0.000,0.734,1.60%,9.453,1.323,0.417,0.119,0.050
20130131,Financials,698,0.082499,0.068554,0.283,1.013,2.44%,13.028,1.036,0.707,0.022,0.071
20130131,Health Care,516,0.093852,0.077131,0.000,0.310,1.69%,-3.024,3.271,0.389,0.012,-0.061
20130131,Industrials,508,0.078752,0.061768,0.068,0.636,1.60%,15.908,1.728,0.282,0.125,0.099
20130131,Information Technology,645,0.063928,0.023145,0.000,0.516,2.29%,11.323,2.061,0.506,0.088,0.049
20130131,Materials,180,0.051418,0.042217,0.157,0.608,1.71%,14.773,1.809,0.251,0.130,0.106
20130131,Telecommunication Services,46,0.040495,0.031668,0.060,0.613,5.77%,6.819,1.695,0.562,0.133,0.034
20130131,Utilities,89,0.050551,0.051782,0.636,0.903,3.80%,16.524,1.148,0.283,0.088,0.064
20130228,Consumer Discretionary,529,0.005671,0.006499,0.029,0.531,1.94%,14.321,1.858,0.364,0.133,0.111
20130228,Consumer Staples,151,0.012627,0.029582,0.283,0.456,2.25%,17.848,2.132,0.357,0.146,0.111
20130228,Energy,204,-0.007550,0.005546,0.000,0.791,1.56%,11.686,1.353,0.395,0.116,0.048
20130228,Financials,697,0.028469,0.013671,0.230,1.020,2.39%,13.536,1.039,0.733,0.022,0.075
20130228,Health Care,515,0.002945,0.012644,0.000,0.347,1.70%,-1.833,3.075,0.414,0.009,-0.040
20130228,Industrials,504,0.017105,0.023777,0.116,0.622,1.60%,15.571,1.748,0.285,0.124,0.102
20130228,Information Technology,643,0.012923,0.003877,0.000,0.525,2.24%,12.379,2.040,0.506,0.085,0.042
20130228,Materials,180,-0.004514,-0.006875,0.244,0.573,1.83%,15.795,1.838,0.246,0.131,0.102
20130228,Telecommunication Services,46,-0.033997,0.019707,0.153,0.631,4.96%,7.361,1.661,0.548,0.123,0.033
20130228,Utilities,89,0.021121,0.022411,0.666,0.917,3.71%,17.145,1.156,0.284,0.088,0.066
20130331,Consumer Discretionary,528,0.057671,0.048948,0.045,0.522,1.98%,14.928,1.966,0.363,0.132,0.109
20130331,Consumer Staples,152,0.055662,0.051423,0.255,0.460,2.18%,18.476,2.292,0.361,0.144,0.112
20130331,Energy,204,0.028699,0.026145,0.000,0.791,1.50%,11.945,1.413,0.396,0.116,0.048
20130331,Financials,697,0.041762,0.042713,0.228,1.022,2.30%,13.908,1.070,0.733,0.022,0.075
20130331,Health Care,511,0.053892,0.062901,0.000,0.344,1.71%,-1.771,3.171,0.421,0.011,-0.040
20130331,Industrials,501,0.052218,0.032603,0.122,0.615,1.55%,16.363,1.848,0.285,0.123,0.100
20130331,Information Technology,641,0.032375,0.024219,0.000,0.512,2.19%,12.519,2.122,0.503,0.084,0.045
20130331,Materials,179,0.026007,0.025789,0.246,0.565,1.75%,16.259,1.914,0.247,0.131,0.103
20130331,Telecommunication Services,46,0.038127,0.032961,0.153,0.631,4.55%,7.265,1.661,0.548,0.123,0.033
20130331,Utilities,89,0.054163,0.056314,0.666,0.917,3.63%,18.160,1.225,0.284,0.088,0.066
20130430,Consumer Discretionary,525,0.030939,0.032803,0.046,0.522,1.95%,15.550,2.019,0.362,0.133,0.111
20130430,Consumer Staples,152,0.015109,0.031232,0.277,0.453,2.26%,19.201,2.341,0.361,0.145,0.108
20130430,Energy,204,-0.042724,-0.011701,0.000,0.792,1.61%,10.947,1.302,0.396,0.116,0.046
20130430,Financials,693,-0.000913,0.015219,0.228,1.023,2.35%,13.803,1.062,0.731,0.022,0.075
20130430,Health Care,512,0.007080,0.030192,0.000,0.344,1.74%,-1.809,3.220,0.421,0.010,-0.040
20130430,Industrials,499,-0.021406,-0.012139,0.117,0.613,1.65%,15.955,1.775,0.285,0.122,0.099
20130430,Information Technology,638,-0.008244,0.005625,0.000,0.510,2.14%,11.991,2.158,0.501,0.086,0.045
20130430,Materials,177,-0.039424,-0.010559,0.255,0.559,1.81%,15.553,1.887,0.246,0.131,0.099
20130430,Telecommunication Services,46,0.080729,0.070646,0.153,0.631,4.48%,8.084,1.682,0.548,0.123,0.033
20130430,Utilities,89,0.044847,0.056066,0.666,0.917,3.41%,18.784,1.265,0.284,0.088,0.066
20130531,Consumer Discretionary,518,0.066116,0.037444,0.095,0.478,1.91%,16.136,2.228,0.358,0.133,0.106
20130531,Consumer Staples,153,0.031385,-0.019015,0.304,0.415,2.29%,19.099,2.426,0.354,0.142,0.106
20130531,Energy,203,0.061110,0.027310,0.000,0.713,1.67%,9.305,1.419,0.390,0.117,0.041
20130531,Financials,691,0.037575,0.073783,0.324,0.945,2.28%,13.671,1.078,0.752,0.022,0.077
20130531,Health Care,513,0.041460,0.019601,0.000,0.301,1.77%,-3.566,3.237,0.407,0.004,-0.077
20130531,Industrials,498,0.061730,0.049759,0.126,0.541,1.61%,15.839,1.887,0.287,0.121,0.098
20130531,Information Technology,642,0.056083,0.041935,0.000,0.462,2.04%,10.573,2.250,0.502,0.081,0.034
20130531,Materials,176,0.033040,0.018639,0.275,0.492,1.73%,16.730,1.932,0.234,0.122,0.094
20130531,Telecommunication Services,46,0.034570,-0.056512,0.347,0.588,4.70%,9.132,1.769,0.566,0.120,0.036
20130531,Utilities,89,-0.050920,-0.080347,0.645,0.837,3.59%,17.190,1.219,0.287,0.088,0.068
20130630,Consumer Discretionary,519,0.011722,0.005480,0.086,0.477,1.93%,16.153,2.245,0.355,0.134,0.104
20130630,Consumer Staples,150,0.009516,-0.000631,0.322,0.416,2.28%,19.443,2.298,0.345,0.143,0.106
20130630,Energy,201,-0.025995,-0.019501,0.000,0.719,1.76%,9.211,1.389,0.380,0.123,0.042
20130630,Financials,688,0.009475,-0.011519,0.321,0.945,2.30%,13.934,1.089,0.752,0.022,0.077
20130630,Health Care,517,-0.002930,-0.007371,0.000,0.300,1.76%,-3.486,3.306,0.405,-0.008,-0.079
20130630,Industrials,498,-0.011513,-0.015274,0.124,0.539,1.63%,16.270,1.865,0.286,0.120,0.096
20130630,Information Technology,643,0.012652,-0.028814,0.000,0.458,2.12%,10.479,2.283,0.501,0.081,0.032
20130630,Materials,177,-0.051173,-0.046887,0.275,0.504,1.84%,16.414,1.887,0.235,0.122,0.095
20130630,Telecommunication Services,46,0.028773,0.024343,0.347,0.588,4.35%,9.698,1.840,0.566,0.120,0.036
20130630,Utilities,88,-0.004912,0.008527,0.637,0.838,3.71%,17.295,1.210,0.289,0.088,0.068
20130731,Consumer Discretionary,522,0.054824,0.053431,0.079,0.477,1.82%,17.320,2.346,0.355,0.135,0.104
20130731,Consumer Staples,150,0.071163,0.042641,0.327,0.421,2.05%,20.119,2.448,0.345,0.142,0.106
20130731,Energy,201,0.073161,0.047878,0.000,0.725,1.70%,9.638,1.451,0.382,0.117,0.041
20130731,Financials,690,0.072272,0.065276,0.315,0.944,2.19%,14.939,1.182,0.749,0.022,0.078
20130731,Health Care,520,0.096955,0.078189,0.000,0.300,1.60%,-4.016,3.634,0.403,-0.008,-0.077
20130731,Industrials,498,0.072750,0.061529,0.126,0.536,1.49%,16.780,1.993,0.285,0.121,0.096
20130731,Information Technology,646,0.080389,0.053864,0.000,0.454,2.03%,11.668,2.435,0.503,0.080,0.033
20130731,Materials,177,0.060008,0.051560,0.270,0.497,1.71%,17.715,2.058,0.235,0.121,0.093
20130731,Telecommunication Services,46,0.118529,0.006545,0.347,0.596,4.16%,10.674,1.943,0.567,0.121,0.039
20130731,Utilities,88,0.061428,0.044484,0.637,0.838,3.55%,18.176,1.281,0.289,0.088,0.068
20130831,Consumer Discretionary,517,-0.029095,-0.026873,0.059,0.444,1.91%,16.231,2.241,0.356,0.135,0.107
20130831,Consumer Staples,151,-0.005618,-0.043523,0.332,0.429,2.18%,19.447,2.355,0.358,0.145,0.110
20130831,Energy,201,-0.013862,-0.014929,0.000,0.737,1.85%,9.581,1.414,0.382,0.122,0.037
20130831,Financials,693,-0.030845,-0.047839,0.320,0.896,2.27%,13.791,1.136,0.768,0.023,0.080
20130831,Health Care,522,-0.020994,-0.032341,0.000,0.302,1.73%,-4.558,3.459,0.401,-0.029,-0.095
20130831,Industrials,496,-0.016335,-0.026762,0.118,0.547,1.51%,16.659,1.874,0.286,0.125,0.094
20130831,Information Technology,648,-0.012602,-0.003009,0.000,0.431,2.02%,11.881,2.405,0.505,0.078,0.034
20130831,Materials,178,-0.007086,-0.008557,0.270,0.547,1.75%,15.081,1.927,0.238,0.115,0.085
20130831,Telecommunication Services,47,-0.052779,-0.039405,0.327,0.559,4.35%,8.850,1.731,0.561,0.116,0.031
20130831,Utilities,88,-0.060150,-0.051618,0.658,0.850,3.78%,17.000,1.162,0.284,0.088,0.068
20130930,Consumer Discretionary,518,0.059031,0.061006,0.045,0.428,1.80%,16.861,2.390,0.358,0.137,0.109
20130930,Consumer Staples,151,0.040856,0.013896,0.332,0.422,2.17%,19.615,2.476,0.358,0.146,0.112
20130930,Energy,201,0.055939,0.020899,0.000,0.734,1.89%,10.410,1.469,0.382,0.123,0.035
20130930,Financials,692,0.039414,0.029130,0.320,0.894,2.20%,14.444,1.184,0.768,0.023,0.080
20130930,Health Care,529,0.094641,0.039187,0.000,0.301,1.68%,-5.112,3.794,0.400,-0.036,-0.092
20130930,Industrials,496,0.071278,0.061354,0.118,0.540,1.45%,17.578,2.005,0.286,0.125,0.094
20130930,Information Technology,642,0.057690,0.038797,0.000,0.429,2.00%,12.067,2.501,0.505,0.080,0.034
20130930,Materials,177,0.045895,0.047016,0.271,0.537,1.77%,16.428,2.079,0.237,0.114,0.085
20130930,Telecommunication Services,47,0.055795,0.003515,0.351,0.556,4.41%,10.820,2.062,0.562,0.116,0.030
20130930,Utilities,89,0.023198,0.013996,0.656,0.852,3.73%,17.234,1.185,0.287,0.088,0.069
20131031,Consumer Discretionary,517,0.030286,0.040023,0.055,0.424,1.71%,17.004,2.471,0.357,0.136,0.109
20131031,Consumer Staples,151,0.040282,0.058539,0.333,0.411,2.04%,19.727,2.604,0.360,0.147,0.112
20131031,Energy,200,0.048403,0.043489,0.000,0.731,1.72%,10.217,1.527,0.384,0.124,0.039
20131031,Financials,693,0.029000,0.035362,0.320,0.894,2.14%,14.890,1.206,0.768,0.023,0.080
20131031,Health Care,529,-0.013602,0.033864,0.000,0.300,1.63%,-4.627,3.784,0.399,-0.040,-0.093
20131031,Industrials,495,0.050441,0.048576,0.119,0.539,1.39%,18.150,2.117,0.285,0.125,0.095
20131031,Information Technology,640,0.015481,0.037015,0.000,0.426,1.93%,12.446,2.563,0.506,0.081,0.034
20131031,Materials,177,0.036134,0.038510,0.260,0.537,1.66%,16.839,2.143,0.239,0.115,0.083
20131031,Telecommunication Services,48,0.032443,0.081648,0.351,0.546,4.20%,7.731,2.317,0.561,0.115,0.030
20131031,Utilities,89,0.040066,0.039299,0.656,0.852,3.61%,17.693,1.225,0.287,0.088,0.069
20131130,Consumer Discretionary,517,0.040315,0.035232,0.068,0.425,1.69%,17.355,2.481,0.351,0.135,0.108
20131130,Consumer Staples,149,0.020365,0.018206,0.337,0.377,1.99%,18.744,2.827,0.362,0.147,0.109
20131130,Energy,199,-0.008322,0.005313,0.000,0.674,1.75%,12.167,1.542,0.375,0.130,0.045
20131130,Financials,692,0.045591,0.056268,0.305,0.866,2.03%,15.212,1.236,0.781,0.023,0.083
20131130,Health Care,533,0.078292,0.048550,0.000,0.269,1.54%,-4.836,3.817,0.398,-0.046,-0.108
20131130,Industrials,496,0.041505,0.036402,0.114,0.528,1.32%,18.786,2.127,0.287,0.123,0.093
20131130,Information Technology,643,0.043703,0.032902,0.000,0.399,1.86%,13.217,2.654,0.500,0.081,0.035
20131130,Materials,177,0.011457,0.010302,0.264,0.498,1.63%,17.911,2.113,0.241,0.115,0.082
20131130,Telecommunication Services,49,0.000725,-0.013066,0.390,0.502,3.84%,0.729,2.068,0.561,0.113,0.024
20131130,Utilities,90,-0.001193,-0.018828,0.617,0.860,3.63%,18.323,1.179,0.283,0.087,0.066
20131231,Consumer Discretionary,520,0.016194,0.022981,0.065,0.411,1.69%,18.034,2.526,0.350,0.135,0.105
20131231,Consumer Staples,147,0.010924,0.004674,0.350,0.374,2.09%,19.622,2.704,0.360,0.146,0.109
20131231,Energy,199,0.020930,0.033271,0.000,0.668,1.73%,12.844,1.518,0.375,0.130,0.046
20131231,Financials,693,0.015575,0.023417,0.305,0.863,2.07%,15.359,1.258,0.781,0.023,0.083
20131231,Health Care,542,0.048733,0.010271,0.000,0.269,1.62%,-5.244,3.962,0.397,-0.046,-0.095
20131231,Industrials,495,0.046213,0.039984,0.114,0.517,1.31%,19.763,2.163,0.288,0.123,0.093
20131231,Information Technology,641,0.039224,0.043758,0.000,0.397,1.83%,13.757,2.719,0.502,0.080,0.036
20131231,Materials,177,0.036587,0.041836,0.265,0.498,1.64%,17.617,2.226,0.241,0.115,0.082
20131231,Telecommunication Services,49,0.049052,0.037277,0.390,0.502,3.81%,0.700,2.079,0.561,0.113,0.024
20131231,Utilities,89,0.014576,0.012389,0.621,0.857,3.64%,18.389,1.206,0.283,0.086,0.066
20140131,Consumer Discretionary,526,-0.047229,-0.057969,0.065,0.411,1.83%,17.022,2.373,0.350,0.133,0.104
20140131,Consumer Staples,146,-0.039361,-0.052452,0.344,0.363,2.20%,18.837,2.620,0.362,0.145,0.119
20140131,Energy,203,-0.019429,-0.061221,0.000,0.663,1.93%,11.744,1.552,0.378,0.130,0.046
20140131,Financials,695,-0.023559,-0.042884,0.305,0.866,2.17%,14.787,1.201,0.780,0.023,0.083
20140131,Health Care,543,0.090793,0.020571,0.000,0.267,1.65%,-6.174,4.306,0.393,-0.051,-0.110
20140131,Industrials,494,-0.019502,-0.039288,0.114,0.511,1.39%,18.432,2.107,0.288,0.123,0.092
20140131,Information Technology,641,0.013484,-0.019443,0.000,0.394,1.91%,13.068,2.689,0.504,0.079,0.036
20140131,Materials,177,0.017672,-0.049070,0.265,0.498,1.68%,16.378,2.129,0.241,0.113,0.082
20140131,Telecommunication Services,49,0.017230,-0.048075,0.390,0.502,4.00%,0.719,2.286,0.561,0.113,0.024
20140131,Utilities,88,0.015781,0.026338,0.621,0.854,3.67%,18.720,1.225,0.283,0.087,0.066
20140228,Consumer Discretionary,526,0.053990,0.062969,0.004,0.400,1.73%,18.200,2.365,0.351,0.131,0.103
20140228,Consumer Staples,146,0.044907,0.035802,0.334,0.364,2.19%,20.125,2.643,0.361,0.142,0.120
20140228,Energy,205,0.072321,0.051820,0.000,0.641,1.79%,12.659,1.651,0.401,0.127,0.052
20140228,Financials,693,0.031477,0.029800,0.229,0.809,2.09%,15.046,1.199,0.801,0.022,0.083
20140228,Health Care,542,0.059226,0.059847,0.000,0.261,1.66%,-4.232,4.373,0.410,-0.047,-0.065
20140228,Industrials,489,0.045461,0.041286,0.113,0.470,1.34%,19.958,2.173,0.290,0.123,0.090
20140228,Information Technology,640,0.049608,0.048452,0.000,0.360,1.84%,13.270,2.829,0.504,0.079,0.034
20140228,Materials,177,0.052908,0.064389,0.210,0.471,1.57%,16.571,2.093,0.243,0.118,0.095
20140228,Telecommunication Services,48,-0.017793,-0.006443,0.389,0.496,3.86%,8.135,2.147,0.568,0.109,0.032
20140228,Utilities,87,0.031162,0.033264,0.642,0.852,3.68%,19.085,1.218,0.283,0.087,0.066
20140331,Consumer Discretionary,527,-0.007957,-0.024934,0.002,0.410,1.78%,18.611,2.346,0.349,0.130,0.102
20140331,Consumer Staples,146,0.025727,0.023178,0.291,0.370,2.08%,19.950,2.726,0.360,0.139,0.119
20140331,Energy,207,0.034335,0.024338,0.000,0.647,1.61%,13.017,1.769,0.412,0.128,0.052
20140331,Financials,695,0.017156,0.030411,0.229,0.808,2.11%,15.302,1.214,0.801,0.022,0.082
20140331,Health Care,550,-0.036899,-0.022044,0.000,0.261,1.73%,-3.842,4.200,0.408,-0.049,-0.065
20140331,Industrials,488,0.020419,0.006897,0.118,0.465,1.42%,19.824,2.185,0.291,0.123,0.090
20140331,Information Technology,643,-0.019126,-0.006310,0.000,0.358,1.80%,13.658,2.853,0.504,0.079,0.034
20140331,Materials,176,0.003992,0.003780,0.236,0.474,1.57%,17.104,2.152,0.241,0.117,0.094
20140331,Telecommunication Services,46,0.042445,0.046321,0.395,0.498,4.19%,8.860,2.157,0.568,0.118,0.034
20140331,Utilities,87,0.031899,0.032122,0.642,0.852,3.50%,19.619,1.241,0.283,0.087,0.066
20140430,Consumer Discretionary,527,-0.038181,-0.018910,0.002,0.414,1.88%,18.152,2.317,0.349,0.130,0.102
20140430,Consumer Staples,146,-0.015825,0.028976,0.286,0.370,2.19%,19.407,2.816,0.363,0.139,0.122
20140430,Energy,206,0.037306,0.053746,0.000,0.643,1.47%,13.825,1.817,0.419,0.129,0.053
20140430,Financials,696,-0.027264,-0.029387,0.227,0.809,2.18%,14.848,1.198,0.801,0.022,0.082
20140430,Health Care,564,-0.088143,-0.017530,0.000,0.260,1.73%,-3.320,3.927,0.405,-0.077,-0.065
20140430,Industrials,486,-0.027627,0.008623,0.119,0.463,1.49%,19.712,2.189,0.292,0.123,0.090
20140430,Information Technology,642,-0.065966,-0.013751,0.000,0.357,1.85%,13.075,2.692,0.503,0.080,0.034
20140430,Materials,177,-0.021771,-0.000526,0.224,0.474,1.63%,16.704,2.076,0.241,0.116,0.093
20140430,Telecommunication Services,46,-0.048360,0.001344,0.395,0.498,4.29%,8.159,1.887,0.568,0.118,0.034
20140430,Utilities,88,0.020052,0.037950,0.634,0.855,3.43%,19.671,1.245,0.283,0.087,0.066
20140531,Consumer Discretionary,529,-0.000826,0.021273,0.063,0.424,1.90%,17.735,2.308,0.349,0.128,0.106
20140531,Consumer Staples,145,0.012351,0.016459,0.329,0.369,2.14%,19.209,2.845,0.363,0.135,0.121
20140531,Energy,205,0.001452,0.012963,0.000,0.610,1.65%,13.881,1.736,0.421,0.134,0.048
20140531,Financials,696,0.004617,0.009109,0.288,0.839,2.18%,14.675,1.173,0.803,0.022,0.085
20140531,Health Care,574,0.006754,0.028628,0.000,0.253,1.69%,-5.536,3.527,0.365,-0.103,-0.164
20140531,Industrials,485,0.000273,0.017977,0.148,0.450,1.43%,19.563,2.138,0.295,0.122,0.087
20140531,Information Technology,650,-0.001805,0.031660,0.000,0.357,1.81%,11.630,2.584,0.498,0.080,0.023
20140531,Materials,175,-0.019519,0.019808,0.223,0.467,1.59%,17.254,2.115,0.241,0.110,0.085
20140531,Telecommunication Services,46,0.038970,0.049306,0.274,0.406,4.10%,9.140,2.142,0.560,0.117,0.036
20140531,Utilities,88,0.006898,-0.006067,0.603,0.840,3.48%,18.391,1.249,0.284,0.088,0.067
20140630,Consumer Discretionary,531,0.035867,0.028520,0.049,0.423,1.84%,18.283,2.378,0.348,0.126,0.101
20140630,Consumer Staples,145,0.000056,-0.000852,0.332,0.368,2.11%,19.844,2.811,0.363,0.135,0.121
20140630,Energy,204,0.074707,0.049467,0.000,0.603,1.73%,14.615,1.863,0.421,0.134,0.048
20140630,Financials,700,0.032608,0.032598,0.288,0.831,2.18%,15.098,1.216,0.801,0.023,0.085
20140630,Health Care,580,0.081147,0.028295,0.000,0.252,1.75%,-5.781,3.654,0.365,-0.103,-0.138
20140630,Industrials,485,0.034582,0.008946,0.149,0.449,1.41%,19.854,2.181,0.295,0.122,0.087
20140630,Information Technology,655,0.059179,0.033820,0.000,0.349,1.77%,12.164,2.720,0.500,0.079,0.023
20140630,Materials,175,0.056099,0.029216,0.223,0.467,1.52%,17.658,2.170,0.241,0.110,0.085
20140630,Telecommunication Services,44,0.030906,-0.014572,0.274,0.500,3.87%,10.946,2.231,0.541,0.128,0.038
20140630,Utilities,88,0.046114,0.045100,0.603,0.840,3.36%,19.293,1.314,0.284,0.088,0.067
20140731,Consumer Discretionary,533,-0.047699,-0.019942,0.047,0.423,1.91%,17.164,2.241,0.348,0.128,0.102
20140731,Consumer Staples,144,-0.050960,-0.034818,0.332,0.368,2.28%,19.242,2.635,0.360,0.138,0.121
20140731,Energy,205,-0.069562,-0.035122,0.000,0.607,1.87%,14.022,1.718,0.423,0.134,0.049
20140731,Financials,702,-0.025308,-0.022685,0.287,0.829,2.25%,14.554,1.181,0.803,0.023,0.086
20140731,Health Care,584,-0.063206,-0.003044,0.000,0.253,1.79%,-5.445,3.478,0.370,-0.103,-0.138
20140731,Industrials,488,-0.056618,-0.043576,0.149,0.447,1.49%,18.841,2.078,0.295,0.123,0.088
20140731,Information Technology,653,-0.049849,0.004099,0.000,0.346,1.88%,12.085,2.648,0.499,0.078,0.023
20140731,Materials,172,-0.031754,-0.032983,0.233,0.469,1.62%,16.779,2.042,0.242,0.111,0.088
20140731,Telecommunication Services,43,-0.019791,0.017693,0.274,0.453,3.66%,11.054,2.131,0.534,0.128,0.039
20140731,Utilities,88,-0.063587,-0.069517,0.603,0.840,3.61%,17.863,1.228,0.284,0.088,0.067
20140831,Consumer Discretionary,535,0.034160,0.043695,0.040,0.412,1.89%,18.248,2.334,0.348,0.128,0.097
20140831,Consumer Staples,142,0.053492,0.047268,0.318,0.363,2.23%,19.888,2.718,0.361,0.135,0.117
20140831,Energy,211,0.026423,0.029602,0.000,0.515,1.80%,13.719,1.830,0.409,0.130,0.040
20140831,Financials,699,0.032968,0.041569,0.290,0.844,2.17%,15.031,1.167,0.810,0.023,0.084
20140831,Health Care,593,0.048086,0.054250,0.000,0.269,1.83%,-5.572,3.573,0.364,-0.116,-0.167
20140831,Industrials,488,0.046327,0.045192,0.126,0.456,1.45%,18.840,2.137,0.294,0.121,0.092
20140831,Information Technology,654,0.049207,0.043727,0.000,0.367,1.78%,11.435,2.724,0.500,0.079,0.017
20140831,Materials,173,0.040023,0.040741,0.243,0.489,1.54%,18.795,2.100,0.245,0.113,0.085
20140831,Telecommunication Services,43,-0.003716,-0.023962,0.267,0.431,3.64%,10.758,2.141,0.544,0.133,0.045
20140831,Utilities,87,0.051657,0.051682,0.617,0.778,3.46%,18.017,1.244,0.275,0.087,0.065
20140930,Consumer Discretionary,534,-0.036876,-0.028714,0.040,0.401,2.00%,17.175,2.176,0.345,0.128,0.099
20140930,Consumer Staples,143,-0.010546,0.005319,0.325,0.372,2.24%,19.507,2.567,0.359,0.133,0.116
20140930,Energy,212,-0.119031,-0.077477,0.000,0.505,2.08%,11.761,1.665,0.404,0.131,0.040
20140930,Financials,705,-0.024102,-0.004861,0.287,0.843,2.24%,14.466,1.156,0.806,0.023,0.084
20140930,Health Care,607,-0.046738,-0.005506,0.000,0.267,1.80%,-5.289,3.490,0.364,-0.128,-0.173
20140930,Industrials,490,-0.053128,-0.022994,0.124,0.457,1.54%,18.013,2.050,0.291,0.121,0.090
20140930,Information Technology,653,-0.046966,-0.015485,0.000,0.364,1.87%,10.978,2.602,0.498,0.079,0.017
20140930,Materials,173,-0.085254,-0.033037,0.243,0.497,1.73%,17.420,1.988,0.240,0.114,0.085
20140930,Telecommunication Services,43,-0.021547,0.005819,0.237,0.431,4.23%,10.466,1.950,0.544,0.133,0.054
20140930,Utilities,89,-0.046740,-0.027617,0.619,0.778,3.63%,17.075,1.188,0.275,0.086,0.065
20141031,Consumer Discretionary,531,0.041098,0.023079,0.051,0.404,1.87%,17.610,2.283,0.344,0.128,0.100
20141031,Consumer Staples,142,0.043703,0.034739,0.330,0.374,2.15%,19.444,2.838,0.362,0.132,0.103
20141031,Energy,212,-0.128108,-0.040376,0.000,0.515,2.20%,10.450,1.360,0.401,0.131,0.040
20141031,Financials,704,0.047092,0.028480,0.288,0.843,2.09%,15.336,1.231,0.806,0.023,0.085
20141031,Health Care,611,0.053444,0.059539,0.000,0.266,1.68%,-5.315,3.667,0.366,-0.131,-0.173
20141031,Industrials,490,0.043075,0.040440,0.126,0.459,1.43%,18.770,2.142,0.290,0.121,0.089
20141031,Information Technology,654,0.015440,0.018939,0.000,0.367,1.78%,10.665,2.659,0.502,0.078,0.017
20141031,Materials,174,0.003548,-0.004884,0.243,0.493,1.72%,19.062,2.089,0.240,0.114,0.084
20141031,Telecommunication Services,42,0.039174,0.006380,0.207,0.436,3.57%,11.228,1.985,0.559,0.131,0.052
20141031,Utilities,89,0.087830,0.083679,0.619,0.778,3.33%,18.942,1.331,0.275,0.086,0.065
20141130,Consumer Discretionary,530,0.026232,0.054985,0.056,0.440,1.77%,18.689,2.373,0.344,0.129,0.097
20141130,Consumer Staples,143,0.020355,0.058833,0.304,0.360,2.07%,19.928,2.818,0.356,0.132,0.102
20141130,Energy,209,-0.157688,-0.090861,0.000,0.642,2.26%,9.852,1.132,0.422,0.135,0.052
20141130,Financials,703,-0.000439,0.016687,0.294,0.881,2.13%,15.095,1.175,0.812,0.023,0.085
20141130,Health Care,609,0.008295,0.029457,0.000,0.280,1.55%,-4.828,3.637,0.378,-0.113,-0.179
20141130,Industrials,491,-0.009581,0.028887,0.129,0.482,1.49%,18.698,2.017,0.297,0.123,0.091
20141130,Information Technology,653,0.021528,0.048378,0.000,0.380,1.75%,11.922,2.676,0.496,0.079,0.022
20141130,Materials,174,-0.006421,0.017925,0.232,0.498,1.72%,17.494,2.155,0.242,0.121,0.083
20141130,Telecommunication Services,40,0.006806,0.006221,0.295,0.510,3.50%,12.781,2.110,0.553,0.132,0.031
20141130,Utilities,89,-0.004948,0.008145,0.603,0.853,3.39%,18.854,1.270,0.279,0.087,0.067
20141231,Consumer Discretionary,530,0.009476,0.005614,0.059,0.442,1.75%,18.622,2.386,0.342,0.127,0.097
20141231,Consumer Staples,144,0.030303,-0.007371,0.305,0.350,2.06%,20.897,2.872,0.354,0.132,0.102
20141231,Energy,211,-0.082662,-0.002030,0.005,0.630,2.32%,10.098,1.062,0.412,0.135,0.054
20141231,Financials,708,0.028668,0.019853,0.292,0.881,2.10%,15.689,1.215,0.812,0.023,0.085
20141231,Health Care,616,0.054807,-0.004449,0.000,0.280,1.66%,-5.133,3.731,0.376,-0.127,-0.174
20141231,Industrials,489,0.022464,0.001938,0.131,0.480,1.46%,18.727,2.075,0.297,0.123,0.093
20141231,Information Technology,646,0.021553,-0.011742,0.000,0.380,1.70%,12.160,2.725,0.499,0.080,0.024
20141231,Materials,172,0.002041,0.000462,0.240,0.506,1.70%,18.110,2.139,0.240,0.120,0.083
20141231,Telecommunication Services,41,0.006202,-0.062300,0.257,0.505,3.50%,10.148,2.096,0.571,0.131,0.030
20141231,Utilities,90,0.026725,0.034020,0.600,0.852,3.25%,19.679,1.300,0.278,0.087,0.067
20150131,Consumer Discretionary,531,-0.025840,-0.026770,0.052,0.442,1.80%,17.796,2.290,0.342,0.127,0.097
20150131,Consumer Staples,143,-0.025062,-0.012639,0.306,0.339,2.12%,21.152,2.869,0.356,0.134,0.105
20150131,Energy,211,-0.099660,-0.047672,0.005,0.630,2.41%,8.969,0.998,0.412,0.135,0.054
20150131,Financials,710,-0.050608,-0.082531,0.291,0.881,2.30%,14.762,1.155,0.812,0.023,0.085
20150131,Health Care,625,0.022017,0.016331,0.000,0.280,1.62%,-5.351,3.807,0.371,-0.119,-0.168
20150131,Industrials,492,-0.057751,-0.038215,0.130,0.482,1.55%,17.518,1.964,0.294,0.123,0.093
20150131,Information Technology,645,-0.036091,-0.037010,0.000,0.379,1.76%,11.494,2.537,0.497,0.080,0.024
20150131,Materials,171,-0.046002,-0.030206,0.232,0.505,1.80%,16.059,2.047,0.240,0.122,0.083
20150131,Telecommunication Services,40,-0.019091,-0.005464,0.257,0.500,3.49%,10.643,2.149,0.575,0.132,0.031
20150131,Utilities,90,0.013654,0.021058,0.600,0.852,3.21%,19.833,1.345,0.278,0.087,0.067
20150228,Consumer Discretionary,529,0.057692,0.081122,0.076,0.407,1.79%,19.132,2.488,0.337,0.127,0.101
20150228,Consumer Staples,143,0.031505,0.040790,0.297,0.337,2.08%,22.569,2.804,0.337,0.135,0.106
20150228,Energy,211,0.117861,0.046659,0.000,0.858,2.14%,6.726,1.157,0.362,0.125,0.052
20150228,Financials,707,0.047464,0.073576,0.262,0.841,2.19%,15.145,1.160,0.817,0.023,0.082
20150228,Health Care,626,0.093186,0.047436,0.000,0.259,1.58%,-3.754,4.159,0.394,-0.144,-0.085
20150228,Industrials,492,0.064840,0.060704,0.145,0.454,1.47%,18.175,2.111,0.291,0.124,0.095
20150228,Information Technology,646,0.074870,0.084717,0.000,0.354,1.68%,13.188,2.738,0.508,0.081,0.034
20150228,Materials,170,0.067839,0.081489,0.258,0.483,1.75%,19.371,2.120,0.244,0.118,0.077
20150228,Telecommunication Services,40,0.041409,0.069287,0.000,0.456,3.42%,7.952,2.066,0.568,0.111,0.026
20150228,Utilities,90,-0.032512,-0.058126,0.598,0.769,3.39%,18.375,1.247,0.285,0.087,0.067
20150331,Consumer Discretionary,529,0.013011,-0.000856,0.053,0.407,1.80%,19.306,2.501,0.341,0.128,0.103
20150331,Consumer Staples,142,0.023861,-0.017680,0.299,0.335,2.16%,22.230,2.834,0.339,0.135,0.106
20150331,Energy,210,-0.072364,-0.019993,0.000,0.879,2.35%,5.897,1.112,0.364,0.128,0.052
20150331,Financials,706,0.021276,-0.000826,0.257,0.840,2.19%,15.520,1.187,0.817,0.023,0.082
20150331,Health Care,630,0.017281,0.014549,0.000,0.258,1.59%,-3.850,4.325,0.391,-0.151,-0.090
20150331,Industrials,490,-0.000733,-0.015138,0.132,0.456,1.46%,18.544,2.104,0.291,0.125,0.095
20150331,Information Technology,641,-0.012140,-0.027762,0.000,0.354,1.81%,13.837,2.719,0.505,0.081,0.036
20150331,Materials,169,-0.015947,-0.036796,0.258,0.489,1.74%,18.773,2.117,0.245,0.117,0.075
20150331,Telecommunication Services,40,-0.004526,-0.035150,0.000,0.456,3.81%,7.848,2.023,0.568,0.111,0.026
20150331,Utilities,90,0.008011,-0.006522,0.598,0.769,3.43%,18.479,1.232,0.285,0.087,0.067
20150430,Consumer Discretionary,527,-0.017746,-0.003410,0.051,0.407,1.84%,18.597,2.470,0.340,0.128,0.100
20150430,Consumer Staples,142,-0.007808,-0.012148,0.299,0.324,2.23%,21.201,2.817,0.339,0.136,0.107
20150430,Energy,210,0.145922,0.068197,0.000,0.879,1.99%,6.600,1.206,0.364,0.128,0.052
20150430,Financials,705,0.001568,0.009467,0.256,0.840,2.23%,15.534,1.196,0.817,0.023,0.082
20150430,Health Care,636,-0.045570,-0.018307,0.000,0.258,1.64%,-3.648,4.085,0.390,-0.156,-0.090
20150430,Industrials,493,-0.008801,-0.005778,0.132,0.458,1.51%,18.101,2.065,0.291,0.125,0.091
20150430,Information Technology,637,0.007306,0.018526,0.000,0.358,1.88%,14.367,2.676,0.504,0.081,0.036
20150430,Materials,167,0.035185,0.014269,0.258,0.475,1.65%,18.928,2.124,0.245,0.117,0.075
20150430,Telecommunication Services,41,0.028002,0.054477,0.000,0.444,3.96%,4.133,1.881,0.573,0.105,0.030
20150430,Utilities,90,0.006643,-0.005008,0.598,0.769,3.47%,18.059,1.260,0.285,0.087,0.067
20150531,Consumer Discretionary,527,0.000186,0.012473,0.081,0.389,1.85%,17.886,2.432,0.342,0.128,0.101
20150531,Consumer Staples,141,0.020679,0.006935,0.309,0.327,2.15%,22.038,2.922,0.338,0.134,0.107
20150531,Energy,207,-0.071823,-0.052247,0.000,0.879,2.02%,4.243,1.193,0.301,0.093,0.014
20150531,Financials,709,0.008511,0.021050,0.295,0.849,2.27%,15.102,1.179,0.819,0.023,0.083
20150531,Health Care,631,0.055181,0.055588,0.000,0.240,1.56%,-5.233,4.114,0.358,-0.171,-0.223
20150531,Industrials,490,-0.003934,0.002408,0.172,0.461,1.53%,17.683,2.067,0.291,0.118,0.090
20150531,Information Technology,637,0.028824,0.022765,0.000,0.357,1.80%,14.576,2.698,0.503,0.081,0.028
20150531,Materials,167,-0.004390,0.002412,0.291,0.467,1.76%,17.997,2.260,0.251,0.116,0.079
20150531,Telecommunication Services,41,0.015919,-0.008666,0.205,0.447,4.15%,4.367,2.220,0.567,0.118,0.022
20150531,Utilities,90,-0.000636,0.003528,0.612,0.819,3.50%,18.078,1.205,0.292,0.087,0.065
20150630,Consumer Discretionary,529,-0.000697,0.007101,0.074,0.384,1.86%,17.618,2.424,0.343,0.125,0.100
20150630,Consumer Staples,140,0.007049,-0.018399,0.298,0.327,2.10%,21.758,3.017,0.331,0.130,0.107
20150630,Energy,207,-0.077113,-0.037199,0.000,0.868,2.05%,3.679,1.173,0.298,0.093,0.014
20150630,Financials,708,0.026850,0.011322,0.295,0.849,2.22%,15.876,1.214,0.819,0.023,0.083
20150630,Health Care,639,0.027070,0.005246,0.000,0.239,1.59%,-5.667,4.290,0.367,-0.175,-0.224
20150630,Industrials,486,-0.002391,-0.021733,0.175,0.456,1.56%,17.471,2.114,0.290,0.119,0.091
20150630,Information Technology,634,-0.013192,-0.037492,0.000,0.353,1.82%,13.748,2.698,0.504,0.081,0.027
20150630,Materials,167,-0.033529,-0.040082,0.284,0.463,1.81%,17.559,2.165,0.251,0.116,0.080
20150630,Telecommunication Services,41,-0.031213,-0.020123,0.205,0.447,3.99%,4.624,2.141,0.567,0.118,0.022
20150630,Utilities,90,-0.054726,-0.061099,0.612,0.819,3.74%,17.165,1.156,0.292,0.087,0.065
20150731,Consumer Discretionary,530,-0.014291,0.042278,0.081,0.381,1.89%,17.560,2.383,0.342,0.125,0.100
20150731,Consumer Staples,139,-0.010759,0.047077,0.293,0.328,2.09%,21.709,3.007,0.338,0.130,0.105
20150731,Energy,202,-0.196811,-0.092002,0.006,0.865,2.43%,3.353,0.936,0.302,0.093,0.014
20150731,Financials,703,0.000578,0.020997,0.295,0.850,2.17%,15.823,1.220,0.818,0.023,0.083
20150731,Health Care,647,-0.002034,0.025852,0.000,0.239,1.58%,-5.431,4.414,0.358,-0.177,-0.223
20150731,Industrials,486,-0.037356,0.002647,0.175,0.456,1.62%,17.140,2.039,0.292,0.119,0.091
20150731,Information Technology,630,-0.040608,0.016400,0.000,0.354,1.94%,13.257,2.568,0.503,0.081,0.027
20150731,Materials,165,-0.083237,-0.043156,0.284,0.462,1.98%,16.760,2.048,0.251,0.116,0.080
20150731,Telecommunication Services,41,-0.015508,-0.004943,0.205,0.447,4.24%,4.353,2.313,0.567,0.118,0.022
20150731,Utilities,89,0.033702,0.056094,0.608,0.810,3.61%,17.946,1.170,0.292,0.087,0.065
20150831,Consumer Discretionary,531,-0.052799,-0.063391,0.058,0.394,1.99%,16.500,2.184,0.347,0.125,0.100
20150831,Consumer Staples,139,-0.038623,-0.059268,0.305,0.340,2.19%,19.000,2.657,0.337,0.132,0.104
20150831,Energy,202,0.027296,-0.037892,0.000,0.831,2.70%,-0.173,0.938,0.253,0.076,-0.025
20150831,Financials,702,-0.033229,-0.068600,0.296,0.829,2.30%,14.945,1.172,0.823,0.023,0.085
20150831,Health Care,654,-0.073309,-0.081159,0.000,0.244,1.72%,-4.418,3.722,0.362,-0.180,-0.245
20150831,Industrials,486,-0.043089,-0.051214,0.146,0.478,1.68%,16.280,1.900,0.296,0.120,0.089
20150831,Information Technology,633,-0.056823,-0.058514,0.000,0.367,1.96%,12.257,2.420,0.508,0.079,0.017
20150831,Materials,163,-0.053869,-0.054161,0.293,0.459,2.08%,15.650,1.996,0.252,0.113,0.077
20150831,Telecommunication Services,41,-0.013260,-0.020284,0.131,0.459,4.70%,6.769,1.990,0.564,0.115,0.015
20150831,Utilities,91,-0.033129,-0.036333,0.621,0.863,3.72%,17.396,1.158,0.294,0.086,0.066
20150930,Consumer Discretionary,536,-0.049078,-0.017688,0.089,0.396,2.06%,16.262,2.041,0.345,0.126,0.101
20150930,Consumer Staples,142,-0.032660,0.000351,0.301,0.336,2.34%,18.272,2.601,0.350,0.132,0.105
20150930,Energy,201,-0.169779,-0.076406,0.000,0.826,2.98%,-0.076,0.830,0.258,0.076,-0.023
20150930,Financials,707,-0.006742,-0.035222,0.290,0.825,2.31%,14.898,1.182,0.823,0.023,0.085
20150930,Health Care,666,-0.112741,-0.063289,0.000,0.241,1.75%,-3.696,3.304,0.361,-0.192,-0.246
20150930,Industrials,484,-0.065395,-0.028320,0.146,0.478,1.79%,15.346,1.817,0.295,0.120,0.089
20150930,Information Technology,633,-0.028071,-0.012350,0.000,0.372,1.99%,11.404,2.382,0.509,0.078,0.016
20150930,Materials,164,-0.102215,-0.084987,0.290,0.451,2.42%,14.353,1.868,0.253,0.113,0.078
20150930,Telecommunication Services,42,-0.005316,-0.043735,0.131,0.478,5.05%,3.515,2.115,0.540,0.113,0.011
20150930,Utilities,92,0.006668,0.025007,0.621,0.862,3.62%,18.326,1.206,0.296,0.086,0.065
20151031,Consumer Discretionary,534,0.040413,0.077313,0.091,0.396,1.98%,16.593,2.169,0.345,0.127,0.102
20151031,Consumer Staples,143,0.067590,0.049672,0.299,0.332,2.21%,19.420,2.672,0.352,0.132,0.106
20151031,Energy,200,0.080519,0.111070,0.000,0.830,2.63%,-0.084,0.946,0.266,0.076,-0.023
20151031,Financials,705,0.040691,0.057342,0.291,0.827,2.24%,15.372,1.217,0.822,0.023,0.085
20151031,Health Care,665,0.027748,0.063432,0.000,0.242,1.64%,-3.786,3.300,0.340,-0.203,-0.246
20151031,Industrials,483,0.067033,0.084789,0.148,0.479,1.65%,16.237,1.929,0.298,0.120,0.089
20151031,Information Technology,628,0.055661,0.100992,0.000,0.370,1.82%,11.966,2.598,0.509,0.079,0.018
20151031,Materials,163,0.086692,0.121962,0.288,0.468,2.16%,16.268,2.052,0.253,0.115,0.078
20151031,Telecommunication Services,42,0.079653,0.070832,0.131,0.478,4.67%,3.603,2.118,0.540,0.113,0.011
20151031,Utilities,92,0.045364,0.019843,0.623,0.864,3.57%,18.688,1.211,0.296,0.086,0.065
20151130,Consumer Discretionary,530,-0.016112,-0.004968,0.061,0.447,2.01%,15.822,2.063,0.346,0.126,0.101
20151130,Consumer Staples,143,0.009182,-0.008520,0.254,0.364,2.21%,20.662,2.663,0.352,0.131,0.100
20151130,Energy,199,-0.030427,-0.004813,0.000,1.063,2.46%,-0.599,0.958,0.192,0.051,-0.101
20151130,Financials,706,0.035756,0.028466,0.301,0.859,2.19%,16.198,1.248,0.821,0.023,0.084
20151130,Health Care,663,0.072396,0.007290,0.000,0.302,1.61%,-4.149,3.483,0.369,-0.204,-0.269
20151130,Industrials,486,0.017004,0.012518,0.143,0.562,1.64%,16.477,1.902,0.299,0.120,0.087
20151130,Information Technology,621,0.030543,0.010346,0.000,0.415,1.89%,11.225,2.583,0.514,0.078,0.018
20151130,Materials,161,-0.020914,0.002743,0.301,0.570,2.09%,15.736,1.967,0.249,0.109,0.053
20151130,Telecommunication Services,42,-0.035673,-0.025387,0.084,0.430,4.62%,6.839,2.080,0.539,0.116,0.029
20151130,Utilities,92,-0.029501,-0.022568,0.625,0.870,3.63%,18.573,1.169,0.303,0.084,0.063
20151231,Consumer Discretionary,528,-0.037879,-0.024846,0.076,0.464,2.14%,15.369,2.011,0.346,0.126,0.101
20151231,Consumer Staples,143,-0.007827,0.024985,0.276,0.364,2.18%,20.896,2.540,0.350,0.132,0.100
20151231,Energy,198,-0.173887,-0.112300,0.000,1.066,2.78%,-0.466,0.779,0.194,0.052,-0.102
20151231,Financials,704,-0.035087,-0.037651,0.300,0.858,2.31%,15.441,1.225,0.822,0.023,0.085
20151231,Health Care,669,-0.051252,0.010182,0.000,0.302,1.71%,-3.890,3.365,0.359,-0.204,-0.269
20151231,Industrials,485,-0.054057,-0.026088,0.145,0.561,1.77%,15.216,1.803,0.299,0.121,0.087
20151231,Information Technology,620,-0.031152,-0.030148,0.000,0.415,1.97%,10.870,2.529,0.513,0.078,0.019
20151231,Materials,159,-0.070328,-0.048248,0.301,0.573,2.21%,14.362,1.846,0.248,0.109,0.055
20151231,Telecommunication Services,40,-0.013819,0.019315,0.186,0.442,4.51%,9.427,1.962,0.532,0.118,0.026
20151231,Utilities,91,0.036602,0.021738,0.620,0.873,3.59%,18.793,1.188,0.303,0.085,0.062
20160131,Consumer Discretionary,528,-0.068923,-0.055704,0.085,0.469,2.31%,14.331,1.866,0.346,0.126,0.101
20160131,Consumer Staples,141,-0.038556,0.008026,0.281,0.363,2.16%,19.370,2.528,0.350,0.132,0.100
20160131,Energy,196,-0.111811,-0.037578,0.000,1.077,3.05%,-0.343,0.699,0.194,0.058,-0.088
20160131,Financials,702,-0.071140,-0.102396,0.302,0.857,2.53%,14.628,1.166,0.821,0.023,0.085
20160131,Health Care,670,-0.177653,-0.099069,0.000,0.301,1.77%,-3.008,2.718,0.352,-0.212,-0.270
20160131,Industrials,482,-0.087880,-0.063586,0.155,0.556,1.88%,13.850,1.672,0.299,0.121,0.087
20160131,Information Technology,625,-0.080378,-0.059400,0.000,0.415,2.09%,9.466,2.294,0.511,0.078,0.019
20160131,Materials,157,-0.103855,-0.085073,0.296,0.573,2.32%,12.858,1.534,0.248,0.109,0.056
20160131,Telecommunication Services,40,-0.059167,0.047899,0.186,0.442,4.40%,8.061,1.964,0.532,0.118,0.026
20160131,Utilities,92,0.029548,0.046715,0.620,0.877,3.45%,19.755,1.226,0.303,0.085,0.062
20160229,Consumer Discretionary,525,0.032799,0.009241,0.040,0.489,2.27%,15.351,1.854,0.348,0.125,0.102
20160229,Consumer Staples,140,0.018196,0.003781,0.325,0.371,2.10%,19.958,2.537,0.351,0.134,0.115
20160229,Energy,194,-0.092673,-0.026454,0.244,0.991,3.31%,-0.506,0.824,0.171,0.032,-0.125
20160229,Financials,699,-0.012224,-0.032763,0.277,0.830,2.61%,14.105,1.112,0.819,0.023,0.082
20160229,Health Care,668,-0.027637,-0.007352,0.000,0.278,1.76%,-2.131,2.663,0.370,-0.206,-0.220
20160229,Industrials,479,0.023277,0.036011,0.166,0.542,1.82%,14.577,1.668,0.298,0.120,0.086
20160229,Information Technology,618,0.010216,-0.008601,0.000,0.386,2.11%,10.721,2.325,0.513,0.080,0.021
20160229,Materials,157,0.085626,0.049161,0.324,0.576,2.19%,12.586,1.590,0.249,0.115,0.068
20160229,Telecommunication Services,40,0.062559,0.021173,0.000,0.523,4.18%,3.527,1.939,0.538,0.115,0.021
20160229,Utilities,93,-0.000788,0.017261,0.656,0.827,3.41%,20.603,1.244,0.303,0.081,0.060
20160331,Consumer Discretionary,525,0.078511,0.067254,0.060,0.491,2.14%,16.519,1.967,0.347,0.125,0.101
20160331,Consumer Staples,139,0.058778,0.047572,0.324,0.373,2.06%,20.670,2.597,0.350,0.134,0.113
20160331,Energy,185,0.240684,0.106600,0.261,0.984,3.01%,-0.798,0.986,0.170,0.036,-0.125
20160331,Financials,694,0.060274,0.068558,0.278,0.832,2.52%,14.871,1.168,0.819,0.023,0.082
20160331,Health Care,666,0.074343,0.041389,0.000,0.278,1.57%,-2.303,2.868,0.369,-0.208,-0.220
20160331,Industrials,475,0.108277,0.076257,0.169,0.542,1.70%,15.859,1.844,0.299,0.121,0.088
20160331,Information Technology,614,0.059525,0.086116,0.000,0.392,2.02%,11.739,2.440,0.510,0.078,0.021
20160331,Materials,157,0.124422,0.097950,0.324,0.570,1.97%,13.333,1.747,0.249,0.115,0.068
20160331,Telecommunication Services,40,0.028364,0.059547,0.000,0.523,3.96%,3.655,2.261,0.544,0.115,0.022
20160331,Utilities,91,0.063836,0.080749,0.650,0.822,3.23%,21.976,1.342,0.305,0.082,0.060
20160430,Consumer Discretionary,520,-0.004656,0.001463,0.064,0.492,2.14%,16.386,1.971,0.348,0.125,0.103
20160430,Consumer Staples,138,0.000529,-0.012777,0.327,0.378,2.11%,20.552,2.567,0.351,0.132,0.112
20160430,Energy,183,0.192613,0.096562,0.278,0.988,2.77%,-1.057,1.110,0.170,0.036,-0.126
20160430,Financials,693,0.040122,0.045385,0.274,0.831,2.37%,15.508,1.212,0.820,0.023,0.082
20160430,Health Care,667,0.055115,0.040856,0.000,0.278,1.60%,-2.529,2.950,0.366,-0.209,-0.220
20160430,Industrials,472,0.031190,0.010602,0.166,0.554,1.69%,16.184,1.890,0.300,0.121,0.088
20160430,Information Technology,613,0.009063,-0.043071,0.000,0.392,2.03%,11.538,2.426,0.514,0.077,0.020
20160430,Materials,156,0.109509,0.058754,0.324,0.565,1.90%,15.536,1.950,0.251,0.119,0.069
20160430,Telecommunication Services,39,0.022009,-0.014830,0.000,0.550,4.08%,3.958,2.184,0.543,0.115,0.030
20160430,Utilities,90,0.017839,-0.018064,0.647,0.820,3.28%,21.472,1.326,0.305,0.081,0.060
20160531,Consumer Discretionary,519,-0.021782,0.000244,0.102,0.493,2.23%,15.515,1.875,0.348,0.126,0.102
20160531,Consumer Staples,135,0.004839,0.011383,0.321,0.373,2.07%,21.307,2.570,0.358,0.138,0.123
20160531,Energy,182,-0.056815,-0.002584,0.308,0.937,2.71%,-1.383,1.107,0.132,0.019,-0.191
20160531,Financials,688,0.019607,0.023300,0.316,0.872,2.31%,15.320,1.191,0.815,0.023,0.083
20160531,Health Care,672,0.024344,0.023267,0.000,0.328,1.59%,-2.875,3.117,0.352,-0.222,-0.329
20160531,Industrials,469,0.009353,-0.000961,0.178,0.537,1.66%,15.964,1.908,0.294,0.122,0.087
20160531,Information Technology,607,0.020257,0.051777,0.000,0.386,1.94%,9.927,2.444,0.523,0.077,0.016
20160531,Materials,155,-0.027373,-0.002664,0.297,0.575,2.03%,13.775,1.912,0.256,0.115,0.062
20160531,Telecommunication Services,38,-0.021414,0.008454,0.102,0.472,4.13%,2.146,1.867,0.546,0.118,0.013
20160531,Utilities,90,0.013372,0.016409,0.655,0.756,3.22%,20.873,1.343,0.313,0.084,0.061
20160630,Consumer Discretionary,520,0.000304,-0.008867,0.097,0.490,2.23%,15.633,1.868,0.351,0.125,0.101
20160630,Consumer Staples,135,0.053537,0.051351,0.260,0.359,1.94%,22.951,2.840,0.358,0.140,0.122
20160630,Energy,179,0.033431,0.029290,0.286,0.933,2.45%,-1.707,1.187,0.136,0.025,-0.181
20160630,Financials,685,-0.022339,-0.056774,0.316,0.874,2.40%,14.932,1.156,0.815,0.023,0.083
20160630,Health Care,672,-0.037056,0.002719,0.000,0.330,1.66%,-2.469,3.133,0.353,-0.221,-0.330
20160630,Industrials,470,-0.008093,0.005399,0.178,0.536,1.71%,16.446,1.905,0.290,0.121,0.086
20160630,Information Technology,605,0.008143,-0.022099,0.000,0.389,1.94%,9.393,2.480,0.523,0.075,0.011
20160630,Materials,155,0.031564,0.003989,0.301,0.575,1.83%,12.953,1.985,0.256,0.115,0.062
20160630,Telecommunication Services,38,0.054842,0.087848,0.102,0.472,3.87%,2.281,2.203,0.548,0.118,0.009
20160630,Utilities,91,0.077680,0.077027,0.656,0.755,3.03%,22.126,1.450,0.313,0.084,0.061
20160731,Consumer Discretionary,517,0.066370,0.050314,0.094,0.486,2.09%,16.529,1.930,0.351,0.123,0.101
20160731,Consumer Staples,137,0.027138,-0.006099,0.271,0.359,1.89%,23.646,2.757,0.358,0.141,0.123
20160731,Energy,175,-0.000868,-0.021334,0.275,0.935,2.59%,-1.856,1.212,0.134,0.025,-0.178
20160731,Financials,681,0.044479,0.042496,0.319,0.876,2.31%,15.556,1.207,0.813,0.023,0.083
20160731,Health Care,670,0.064153,0.056161,0.000,0.328,1.60%,-2.603,3.257,0.352,-0.222,-0.328
20160731,Industrials,470,0.071627,0.036497,0.173,0.533,1.67%,17.056,2.010,0.292,0.121,0.087
20160731,Information Technology,603,0.074416,0.076250,0.000,0.387,1.94%,10.466,2.622,0.515,0.078,0.011
20160731,Materials,155,0.089880,0.050243,0.296,0.573,1.77%,14.288,2.117,0.257,0.119,0.063
20160731,Telecommunication Services,38,0.007384,0.024513,0.102,0.472,3.77%,2.416,2.226,0.548,0.118,0.009
20160731,Utilities,89,-0.007337,-0.008379,0.649,0.755,3.07%,22.191,1.452,0.313,0.083,0.062
20160831,Consumer Discretionary,514,0.009462,-0.008947,0.070,0.491,2.13%,16.058,1.906,0.351,0.125,0.100
20160831,Consumer Staples,137,0.009064,-0.004080,0.331,0.339,2.04%,23.839,2.824,0.360,0.136,0.117
20160831,Energy,175,0.071350,0.022215,0.275,0.841,2.44%,-2.100,1.321,0.154,0.017,-0.196
20160831,Financials,677,0.045454,0.056444,0.318,0.879,2.25%,15.903,1.237,0.809,0.023,0.084
20160831,Health Care,672,0.005350,-0.030201,0.000,0.312,1.58%,-2.436,3.286,0.352,-0.238,-0.340
20160831,Industrials,471,0.028469,0.010080,0.183,0.519,1.62%,17.568,2.012,0.294,0.123,0.083
20160831,Information Technology,601,0.029438,0.021769,0.000,0.395,1.92%,10.341,2.714,0.514,0.078,0.016
20160831,Materials,155,0.015615,0.000343,0.294,0.520,1.77%,17.708,2.141,0.263,0.116,0.060
20160831,Telecommunication Services,37,-0.028564,-0.049375,0.142,0.504,4.30%,4.948,1.994,0.551,0.115,0.015
20160831,Utilities,89,-0.044952,-0.054238,0.651,0.697,3.26%,21.310,1.350,0.326,0.083,0.060
20160930,Consumer Discretionary,509,0.000096,-0.000880,0.063,0.509,2.16%,16.171,1.938,0.350,0.124,0.100
20160930,Consumer Staples,138,-0.013338,-0.014784,0.316,0.330,2.09%,21.992,2.696,0.355,0.138,0.119
20160930,Energy,174,0.053767,0.036155,0.281,0.841,2.16%,-2.170,1.310,0.155,0.020,-0.199
20160930,Financials,637,0.004729,-0.024026,0.323,0.891,2.24%,15.934,1.229,0.822,0.023,0.084
20160930,Health Care,672,0.075639,0.005179,0.000,0.312,1.51%,-2.575,3.362,0.353,-0.238,-0.338
20160930,Industrials,472,0.009994,-0.001382,0.183,0.518,1.64%,17.776,2.014,0.293,0.123,0.085
20160930,Information Technology,598,0.023440,0.024817,0.000,0.389,1.89%,9.366,2.788,0.514,0.077,0.017
20160930,Materials,154,0.009097,-0.004860,0.291,0.510,1.75%,17.830,2.157,0.263,0.116,0.063
20160930,Real Estate,37,0.015823,-0.010301,0.055,0.568,3.77%,19.527,1.787,0.385,0.069,0.063
20160930,Telecommunication Services,37,0.005545,-0.003683,0.142,0.504,4.24%,4.624,2.037,0.563,0.115,0.015
20160930,Utilities,88,0.013179,0.005948,0.648,0.700,3.18%,21.331,1.347,0.322,0.083,0.059
20161031,Consumer Discretionary,508,-0.043352,-0.025792,0.068,0.515,2.21%,15.506,1.811,0.351,0.123,0.100
20161031,Consumer Staples,137,-0.018938,-0.006690,0.317,0.330,2.15%,21.657,2.620,0.350,0.139,0.120
20161031,Energy,174,-0.080841,-0.038923,0.281,0.837,2.41%,-2.036,1.209,0.155,0.020,-0.199
20161031,Financials,636,-0.004902,0.017385,0.327,0.889,2.26%,15.902,1.231,0.821,0.023,0.084
20161031,Health Care,670,-0.129389,-0.073044,0.000,0.312,1.58%,-2.053,2.985,0.351,-0.242,-0.341
20161031,Industrials,472,-0.047670,-0.019551,0.180,0.517,1.65%,17.222,1.880,0.293,0.123,0.084
20161031,Information Technology,595,-0.044446,-0.006355,0.000,0.388,1.97%,8.048,2.595,0.515,0.077,0.017
20161031,Materials,154,-0.047686,-0.027135,0.289,0.504,1.96%,16.152,2.132,0.263,0.117,0.056
20161031,Real Estate,36,-0.022629,-0.056527,0.043,0.558,3.73%,15.935,1.753,0.395,0.073,0.063
20161031,Telecommunication Services,37,-0.029241,-0.050731,0.142,0.504,4.18%,5.598,1.900,0.563,0.115,0.015
20161031,Utilities,87,0.004336,0.006632,0.646,0.706,3.18%,21.253,1.325,0.317,0.083,0.059
20161130,Consumer Discretionary,508,0.082180,0.052178,0.078,0.502,1.97%,17.105,1.920,0.349,0.119,0.099
20161130,Consumer Staples,140,-0.000905,-0.037383,0.295,0.338,2.22%,22.040,2.674,0.350,0.137,0.124
20161130,Energy,173,0.175117,0.096716,0.417,0.741,2.06%,-4.277,1.431,0.167,0.023,-0.177
20161130,Financials,636,0.133867,0.146206,0.331,0.826,1.96%,17.710,1.384,0.821,0.023,0.084
20161130,Health Care,667,0.055046,0.035826,0.000,0.279,1.54%,-2.111,3.242,0.357,-0.233,-0.362
20161130,Industrials,469,0.144108,0.098895,0.174,0.499,1.53%,19.884,2.175,0.295,0.120,0.083
20161130,Information Technology,590,0.052854,0.006353,0.000,0.352,1.76%,12.166,2.778,0.515,0.079,0.018
20161130,Materials,155,0.116948,0.090638,0.291,0.473,1.73%,19.604,2.268,0.266,0.119,0.071
20161130,Real Estate,36,0.085916,0.064191,0.060,0.551,3.74%,18.508,1.855,0.408,0.075,0.061
20161130,Telecommunication Services,37,0.024382,0.047829,0.155,0.441,4.27%,5.285,1.910,0.561,0.118,0.010
20161130,Utilities,86,0.001609,-0.045052,0.633,0.780,3.25%,20.073,1.252,0.321,0.082,0.060
20161231,Consumer Discretionary,508,0.011592,0.000775,0.078,0.518,2.00%,17.405,1.947,0.348,0.119,0.098
20161231,Consumer Staples,139,0.033787,0.030561,0.306,0.359,2.14%,22.446,2.727,0.350,0.136,0.125
20161231,Energy,178,0.045222,0.015957,0.417,0.726,1.99%,-4.545,1.511,0.167,0.022,-0.177
20161231,Financials,637,0.070225,0.043347,0.331,0.826,1.86%,19.267,1.484,0.821,0.023,0.084
20161231,Health Care,667,-0.024876,0.002713,0.000,0.280,1.46%,-2.072,3.165,0.353,-0.235,-0.361
20161231,Industrials,471,0.015539,0.009484,0.173,0.502,1.51%,19.789,2.227,0.295,0.121,0.083
20161231,Information Technology,588,0.011803,0.013109,0.000,0.352,1.69%,12.756,2.802,0.516,0.079,0.017
20161231,Materials,157,0.012790,-0.002232,0.290,0.474,1.69%,19.775,2.248,0.266,0.119,0.071
20161231,Real Estate,37,0.025586,0.013041,0.060,0.558,3.75%,17.364,2.004,0.381,0.070,0.061
20161231,Telecommunication Services,37,0.086113,0.077800,0.155,0.441,4.10%,5.260,1.916,0.561,0.118,0.010
20161231,Utilities,85,0.041671,0.047564,0.631,0.780,3.13%,20.835,1.300,0.324,0.083,0.060
20170131,Consumer Discretionary,500,,,0.075,0.506,1.97%,16.752,1.992,0.346,0.120,0.099
20170131,Consumer Staples,139,,,0.295,0.357,2.14%,22.923,2.846,0.350,0.137,0.127
20170131,Energy,174,,,0.417,0.711,2.13%,-4.477,1.479,0.168,0.023,-0.175
20170131,Financials,632,,,0.329,0.825,1.88%,18.759,1.482,0.822,0.023,0.084
20170131,Health Care,651,,,0.000,0.276,1.54%,-2.126,3.193,0.353,-0.239,-0.360
20170131,Industrials,468,,,0.176,0.497,1.51%,19.903,2.307,0.296,0.121,0.082
20170131,Information Technology,582,,,0.000,0.351,1.73%,11.867,2.974,0.517,0.080,0.018
20170131,Materials,156,,,0.291,0.479,1.67%,19.851,2.341,0.269,0.119,0.071
20170131,Real Estate,35,,,0.041,0.559,3.16%,20.148,1.854,0.408,0.070,0.060
20170131,Telecommunication Services,36,,,0.135,0.466,3.96%,5.384,1.918,0.563,0.117,0.010
20170131,Utilities,84,,,0.633,0.780,3.17%,21.510,1.325,0.321,0.082,0.060
